id,中文名,English,preferred_local_path,candidate_1,candidate_2,candidate_3,candidate_4
haste-helm,急速头盔,Haste Helm,assets/equipment/haste-helm.webp,https://bg3.wiki/wiki/Special:FilePath/Haste_Helm_Unfaded_Icon.png,https://bg3.wiki/wiki/Special:FilePath/Haste_Helm_Unfaded_Icon.webp,https://bg3.wiki/wiki/Special:FilePath/Haste_Helm_Item_Icon.png,https://bg3.wiki/wiki/Special:FilePath/Haste_Helm_Icon.webp
warped-intellect,扭曲智力头带,Warped Headband of Intellect,assets/equipment/warped-intellect.webp,https://bg3.wiki/wiki/Special:FilePath/Warped_Headband_of_Intellect_Unfaded_Icon.png,https://bg3.wiki/wiki/Special:FilePath/Warped_Headband_of_Intellect_Unfaded_Icon.webp,https://bg3.wiki/wiki/Special:FilePath/Warped_Headband_of_Intellect_Item_Icon.png,https://bg3.wiki/wiki/Special:FilePath/Warped_Headband_of_Intellect_Icon.webp
helmet-smiting,惩击头盔,Helmet of Smiting,assets/equipment/helmet-smiting.webp,https://bg3.wiki/wiki/Special:FilePath/Helmet_of_Smiting_Unfaded_Icon.png,https://bg3.wiki/wiki/Special:FilePath/Helmet_of_Smiting_Unfaded_Icon.webp,https://bg3.wiki/wiki/Special:FilePath/Helmet_of_Smiting_Item_Icon.png,https://bg3.wiki/wiki/Special:FilePath/Helmet_of_Smiting_Icon.webp
circlet-blasting,爆裂头环,Circlet of Blasting,assets/equipment/circlet-blasting.webp,https://bg3.wiki/wiki/Special:FilePath/Circlet_of_Blasting_Unfaded_Icon.png,https://bg3.wiki/wiki/Special:FilePath/Circlet_of_Blasting_Unfaded_Icon.webp,https://bg3.wiki/wiki/Special:FilePath/Circlet_of_Blasting_Item_Icon.png,https://bg3.wiki/wiki/Special:FilePath/Circlet_of_Blasting_Icon.webp
grymskull-helm,格林骷髅头盔,Grymskull Helm,assets/equipment/grymskull-helm.webp,https://bg3.wiki/wiki/Special:FilePath/Grymskull_Helm_Unfaded_Icon.png,https://bg3.wiki/wiki/Special:FilePath/Grymskull_Helm_Unfaded_Icon.webp,https://bg3.wiki/wiki/Special:FilePath/Grymskull_Helm_Item_Icon.png,https://bg3.wiki/wiki/Special:FilePath/Grymskull_Helm_Icon.webp
deathstalker-mantle,死亡追猎者斗篷,The Deathstalker Mantle,assets/equipment/deathstalker-mantle.webp,https://bg3.wiki/wiki/Special:FilePath/The_Deathstalker_Mantle_Unfaded_Icon.png,https://bg3.wiki/wiki/Special:FilePath/The_Deathstalker_Mantle_Unfaded_Icon.webp,https://bg3.wiki/wiki/Special:FilePath/The_Deathstalker_Mantle_Item_Icon.png,https://bg3.wiki/wiki/Special:FilePath/The_Deathstalker_Mantle_Icon.webp
graceful-cloth,优雅布衣,The Graceful Cloth,assets/equipment/graceful-cloth.webp,https://bg3.wiki/wiki/Special:FilePath/The_Graceful_Cloth_Unfaded_Icon.png,https://bg3.wiki/wiki/Special:FilePath/The_Graceful_Cloth_Unfaded_Icon.webp,https://bg3.wiki/wiki/Special:FilePath/The_Graceful_Cloth_Item_Icon.png,https://bg3.wiki/wiki/Special:FilePath/The_Graceful_Cloth_Icon.webp
luminous-armour,光耀护甲,Luminous Armour,assets/equipment/luminous-armour.webp,https://bg3.wiki/wiki/Special:FilePath/Luminous_Armour_Unfaded_Icon.png,https://bg3.wiki/wiki/Special:FilePath/Luminous_Armour_Unfaded_Icon.webp,https://bg3.wiki/wiki/Special:FilePath/Luminous_Armour_Item_Icon.png,https://bg3.wiki/wiki/Special:FilePath/Luminous_Armour_Icon.webp
adamantine-scale,精金鳞甲,Adamantine Scale Mail,assets/equipment/adamantine-scale.webp,https://bg3.wiki/wiki/Special:FilePath/Adamantine_Scale_Mail_Unfaded_Icon.png,https://bg3.wiki/wiki/Special:FilePath/Adamantine_Scale_Mail_Unfaded_Icon.webp,https://bg3.wiki/wiki/Special:FilePath/Adamantine_Scale_Mail_Item_Icon.png,https://bg3.wiki/wiki/Special:FilePath/Adamantine_Scale_Mail_Icon.webp
adamantine-splint,精金板条甲,Adamantine Splint Armour,assets/equipment/adamantine-splint.webp,https://bg3.wiki/wiki/Special:FilePath/Adamantine_Splint_Armour_Unfaded_Icon.png,https://bg3.wiki/wiki/Special:FilePath/Adamantine_Splint_Armour_Unfaded_Icon.webp,https://bg3.wiki/wiki/Special:FilePath/Adamantine_Splint_Armour_Item_Icon.png,https://bg3.wiki/wiki/Special:FilePath/Adamantine_Splint_Armour_Icon.webp
protecty-sparkswall,保护火花之墙,The Protecty Sparkswall,assets/equipment/protecty-sparkswall.webp,https://bg3.wiki/wiki/Special:FilePath/The_Protecty_Sparkswall_Unfaded_Icon.png,https://bg3.wiki/wiki/Special:FilePath/The_Protecty_Sparkswall_Unfaded_Icon.webp,https://bg3.wiki/wiki/Special:FilePath/The_Protecty_Sparkswall_Item_Icon.png,https://bg3.wiki/wiki/Special:FilePath/The_Protecty_Sparkswall_Icon.webp
spidersilk-armour,蛛丝护甲,Spidersilk Armour,assets/equipment/spidersilk-armour.webp,https://bg3.wiki/wiki/Special:FilePath/Spidersilk_Armour_Unfaded_Icon.png,https://bg3.wiki/wiki/Special:FilePath/Spidersilk_Armour_Unfaded_Icon.webp,https://bg3.wiki/wiki/Special:FilePath/Spidersilk_Armour_Item_Icon.png,https://bg3.wiki/wiki/Special:FilePath/Spidersilk_Armour_Icon.webp
gloves-dexterity,敏捷手套,Gloves of Dexterity,assets/equipment/gloves-dexterity.webp,https://bg3.wiki/wiki/Special:FilePath/Gloves_of_Dexterity_Unfaded_Icon.png,https://bg3.wiki/wiki/Special:FilePath/Gloves_of_Dexterity_Unfaded_Icon.webp,https://bg3.wiki/wiki/Special:FilePath/Gloves_of_Dexterity_Item_Icon.png,https://bg3.wiki/wiki/Special:FilePath/Gloves_of_Dexterity_Icon.webp
gloves-power,力量手套,Gloves of Power,assets/equipment/gloves-power.webp,https://bg3.wiki/wiki/Special:FilePath/Gloves_of_Power_Unfaded_Icon.png,https://bg3.wiki/wiki/Special:FilePath/Gloves_of_Power_Unfaded_Icon.webp,https://bg3.wiki/wiki/Special:FilePath/Gloves_of_Power_Item_Icon.png,https://bg3.wiki/wiki/Special:FilePath/Gloves_of_Power_Icon.webp
missile-snaring,飞弹拦截手套,Gloves of Missile Snaring,assets/equipment/missile-snaring.webp,https://bg3.wiki/wiki/Special:FilePath/Gloves_of_Missile_Snaring_Unfaded_Icon.png,https://bg3.wiki/wiki/Special:FilePath/Gloves_of_Missile_Snaring_Unfaded_Icon.webp,https://bg3.wiki/wiki/Special:FilePath/Gloves_of_Missile_Snaring_Item_Icon.png,https://bg3.wiki/wiki/Special:FilePath/Gloves_of_Missile_Snaring_Icon.webp
sparkle-hands,火花之手,The Sparkle Hands,assets/equipment/sparkle-hands.webp,https://bg3.wiki/wiki/Special:FilePath/The_Sparkle_Hands_Unfaded_Icon.png,https://bg3.wiki/wiki/Special:FilePath/The_Sparkle_Hands_Unfaded_Icon.webp,https://bg3.wiki/wiki/Special:FilePath/The_Sparkle_Hands_Item_Icon.png,https://bg3.wiki/wiki/Special:FilePath/The_Sparkle_Hands_Icon.webp
belligerent-skies,好战天空手套,Gloves of Belligerent Skies,assets/equipment/belligerent-skies.webp,https://bg3.wiki/wiki/Special:FilePath/Gloves_of_Belligerent_Skies_Unfaded_Icon.png,https://bg3.wiki/wiki/Special:FilePath/Gloves_of_Belligerent_Skies_Unfaded_Icon.webp,https://bg3.wiki/wiki/Special:FilePath/Gloves_of_Belligerent_Skies_Item_Icon.png,https://bg3.wiki/wiki/Special:FilePath/Gloves_of_Belligerent_Skies_Icon.webp
cinder-sizzle,余烬与嘶鸣手套,Gloves of Cinder and Sizzle,assets/equipment/cinder-sizzle.webp,https://bg3.wiki/wiki/Special:FilePath/Gloves_of_Cinder_and_Sizzle_Unfaded_Icon.png,https://bg3.wiki/wiki/Special:FilePath/Gloves_of_Cinder_and_Sizzle_Unfaded_Icon.webp,https://bg3.wiki/wiki/Special:FilePath/Gloves_of_Cinder_and_Sizzle_Item_Icon.png,https://bg3.wiki/wiki/Special:FilePath/Gloves_of_Cinder_and_Sizzle_Icon.webp
boots-speed,速度之靴,Boots of Speed,assets/equipment/boots-speed.webp,https://bg3.wiki/wiki/Special:FilePath/Boots_of_Speed_Unfaded_Icon.png,https://bg3.wiki/wiki/Special:FilePath/Boots_of_Speed_Unfaded_Icon.webp,https://bg3.wiki/wiki/Special:FilePath/Boots_of_Speed_Item_Icon.png,https://bg3.wiki/wiki/Special:FilePath/Boots_of_Speed_Icon.webp
night-walkers,瓦解夜行者,Disintegrating Night Walkers,assets/equipment/night-walkers.webp,https://bg3.wiki/wiki/Special:FilePath/Disintegrating_Night_Walkers_Unfaded_Icon.png,https://bg3.wiki/wiki/Special:FilePath/Disintegrating_Night_Walkers_Unfaded_Icon.webp,https://bg3.wiki/wiki/Special:FilePath/Disintegrating_Night_Walkers_Item_Icon.png,https://bg3.wiki/wiki/Special:FilePath/Disintegrating_Night_Walkers_Icon.webp
stormy-clamour,风暴喧嚣之靴,Boots of Stormy Clamour,assets/equipment/stormy-clamour.webp,https://bg3.wiki/wiki/Special:FilePath/Boots_of_Stormy_Clamour_Unfaded_Icon.png,https://bg3.wiki/wiki/Special:FilePath/Boots_of_Stormy_Clamour_Unfaded_Icon.webp,https://bg3.wiki/wiki/Special:FilePath/Boots_of_Stormy_Clamour_Item_Icon.png,https://bg3.wiki/wiki/Special:FilePath/Boots_of_Stormy_Clamour_Icon.webp
watersparkers,水花行者,The Watersparkers,assets/equipment/watersparkers.webp,https://bg3.wiki/wiki/Special:FilePath/The_Watersparkers_Unfaded_Icon.png,https://bg3.wiki/wiki/Special:FilePath/The_Watersparkers_Unfaded_Icon.webp,https://bg3.wiki/wiki/Special:FilePath/The_Watersparkers_Item_Icon.png,https://bg3.wiki/wiki/Special:FilePath/The_Watersparkers_Icon.webp
amulet-misty-step,迷踪步护符,Amulet of Misty Step,assets/equipment/amulet-misty-step.webp,https://bg3.wiki/wiki/Special:FilePath/Amulet_of_Misty_Step_Unfaded_Icon.png,https://bg3.wiki/wiki/Special:FilePath/Amulet_of_Misty_Step_Unfaded_Icon.webp,https://bg3.wiki/wiki/Special:FilePath/Amulet_of_Misty_Step_Item_Icon.png,https://bg3.wiki/wiki/Special:FilePath/Amulet_of_Misty_Step_Icon.webp
psychic-spark,心灵火花,Psychic Spark,assets/equipment/psychic-spark.webp,https://bg3.wiki/wiki/Special:FilePath/Psychic_Spark_Unfaded_Icon.png,https://bg3.wiki/wiki/Special:FilePath/Psychic_Spark_Unfaded_Icon.webp,https://bg3.wiki/wiki/Special:FilePath/Psychic_Spark_Item_Icon.png,https://bg3.wiki/wiki/Special:FilePath/Psychic_Spark_Icon.webp
periapt-wound,伤口闭合护符,Periapt of Wound Closure,assets/equipment/periapt-wound.webp,https://bg3.wiki/wiki/Special:FilePath/Periapt_of_Wound_Closure_Unfaded_Icon.png,https://bg3.wiki/wiki/Special:FilePath/Periapt_of_Wound_Closure_Unfaded_Icon.webp,https://bg3.wiki/wiki/Special:FilePath/Periapt_of_Wound_Closure_Item_Icon.png,https://bg3.wiki/wiki/Special:FilePath/Periapt_of_Wound_Closure_Icon.webp
broodmothers-revenge,育母复仇,Broodmother's Revenge,assets/equipment/broodmothers-revenge.webp,https://bg3.wiki/wiki/Special:FilePath/Broodmother's_Revenge_Unfaded_Icon.png,https://bg3.wiki/wiki/Special:FilePath/Broodmother's_Revenge_Unfaded_Icon.webp,https://bg3.wiki/wiki/Special:FilePath/Broodmother's_Revenge_Item_Icon.png,https://bg3.wiki/wiki/Special:FilePath/Broodmother's_Revenge_Icon.webp
ring-protection,防护戒指,Ring of Protection,assets/equipment/ring-protection.webp,https://bg3.wiki/wiki/Special:FilePath/Ring_of_Protection_Unfaded_Icon.png,https://bg3.wiki/wiki/Special:FilePath/Ring_of_Protection_Unfaded_Icon.webp,https://bg3.wiki/wiki/Special:FilePath/Ring_of_Protection_Item_Icon.png,https://bg3.wiki/wiki/Special:FilePath/Ring_of_Protection_Icon.webp
caustic-band,腐蚀戒指,Caustic Band,assets/equipment/caustic-band.webp,https://bg3.wiki/wiki/Special:FilePath/Caustic_Band_Unfaded_Icon.png,https://bg3.wiki/wiki/Special:FilePath/Caustic_Band_Unfaded_Icon.webp,https://bg3.wiki/wiki/Special:FilePath/Caustic_Band_Item_Icon.png,https://bg3.wiki/wiki/Special:FilePath/Caustic_Band_Icon.webp
crusher-ring,粉碎者之戒,Crusher's Ring,assets/equipment/crusher-ring.webp,https://bg3.wiki/wiki/Special:FilePath/Crusher's_Ring_Unfaded_Icon.png,https://bg3.wiki/wiki/Special:FilePath/Crusher's_Ring_Unfaded_Icon.webp,https://bg3.wiki/wiki/Special:FilePath/Crusher's_Ring_Item_Icon.png,https://bg3.wiki/wiki/Special:FilePath/Crusher's_Ring_Icon.webp
strange-conduit,奇异导管戒指,Strange Conduit Ring,assets/equipment/strange-conduit.webp,https://bg3.wiki/wiki/Special:FilePath/Strange_Conduit_Ring_Unfaded_Icon.png,https://bg3.wiki/wiki/Special:FilePath/Strange_Conduit_Ring_Unfaded_Icon.webp,https://bg3.wiki/wiki/Special:FilePath/Strange_Conduit_Ring_Item_Icon.png,https://bg3.wiki/wiki/Special:FilePath/Strange_Conduit_Ring_Icon.webp
whispering-promise,低语承诺,The Whispering Promise,assets/equipment/whispering-promise.webp,https://bg3.wiki/wiki/Special:FilePath/The_Whispering_Promise_Unfaded_Icon.png,https://bg3.wiki/wiki/Special:FilePath/The_Whispering_Promise_Unfaded_Icon.webp,https://bg3.wiki/wiki/Special:FilePath/The_Whispering_Promise_Item_Icon.png,https://bg3.wiki/wiki/Special:FilePath/The_Whispering_Promise_Icon.webp
phalar-aluve,法拉·阿鲁维,Phalar Aluve,assets/equipment/phalar-aluve.webp,https://bg3.wiki/wiki/Special:FilePath/Phalar_Aluve_Unfaded_Icon.png,https://bg3.wiki/wiki/Special:FilePath/Phalar_Aluve_Unfaded_Icon.webp,https://bg3.wiki/wiki/Special:FilePath/Phalar_Aluve_Item_Icon.png,https://bg3.wiki/wiki/Special:FilePath/Phalar_Aluve_Icon.webp
undermountain-king,山丘巨王短刀,Knife of the Undermountain King,assets/equipment/undermountain-king.webp,https://bg3.wiki/wiki/Special:FilePath/Knife_of_the_Undermountain_King_Unfaded_Icon.png,https://bg3.wiki/wiki/Special:FilePath/Knife_of_the_Undermountain_King_Unfaded_Icon.webp,https://bg3.wiki/wiki/Special:FilePath/Knife_of_the_Undermountain_King_Item_Icon.png,https://bg3.wiki/wiki/Special:FilePath/Knife_of_the_Undermountain_King_Icon.webp
blood-lathander,洛山达之血,The Blood of Lathander,assets/equipment/blood-lathander.webp,https://bg3.wiki/wiki/Special:FilePath/The_Blood_of_Lathander_Unfaded_Icon.png,https://bg3.wiki/wiki/Special:FilePath/The_Blood_of_Lathander_Unfaded_Icon.webp,https://bg3.wiki/wiki/Special:FilePath/The_Blood_of_Lathander_Item_Icon.png,https://bg3.wiki/wiki/Special:FilePath/The_Blood_of_Lathander_Icon.webp
returning-pike,回归长矛,Returning Pike,assets/equipment/returning-pike.webp,https://bg3.wiki/wiki/Special:FilePath/Returning_Pike_Unfaded_Icon.png,https://bg3.wiki/wiki/Special:FilePath/Returning_Pike_Unfaded_Icon.webp,https://bg3.wiki/wiki/Special:FilePath/Returning_Pike_Item_Icon.png,https://bg3.wiki/wiki/Special:FilePath/Returning_Pike_Icon.webp
unseen-menace,隐形威胁,Unseen Menace,assets/equipment/unseen-menace.webp,https://bg3.wiki/wiki/Special:FilePath/Unseen_Menace_Unfaded_Icon.png,https://bg3.wiki/wiki/Special:FilePath/Unseen_Menace_Unfaded_Icon.webp,https://bg3.wiki/wiki/Special:FilePath/Unseen_Menace_Item_Icon.png,https://bg3.wiki/wiki/Special:FilePath/Unseen_Menace_Icon.webp
cacophony,杂音,Cacophony,assets/equipment/cacophony.webp,https://bg3.wiki/wiki/Special:FilePath/Cacophony_Unfaded_Icon.png,https://bg3.wiki/wiki/Special:FilePath/Cacophony_Unfaded_Icon.webp,https://bg3.wiki/wiki/Special:FilePath/Cacophony_Item_Icon.png,https://bg3.wiki/wiki/Special:FilePath/Cacophony_Icon.webp
club-hill-giant,山丘巨人力量短棒,Club of Hill Giant Strength,assets/equipment/club-hill-giant.webp,https://bg3.wiki/wiki/Special:FilePath/Club_of_Hill_Giant_Strength_Unfaded_Icon.png,https://bg3.wiki/wiki/Special:FilePath/Club_of_Hill_Giant_Strength_Unfaded_Icon.webp,https://bg3.wiki/wiki/Special:FilePath/Club_of_Hill_Giant_Strength_Item_Icon.png,https://bg3.wiki/wiki/Special:FilePath/Club_of_Hill_Giant_Strength_Icon.webp
spellsparkler,法术火花,The Spellsparkler,assets/equipment/spellsparkler.webp,https://bg3.wiki/wiki/Special:FilePath/The_Spellsparkler_Unfaded_Icon.png,https://bg3.wiki/wiki/Special:FilePath/The_Spellsparkler_Unfaded_Icon.webp,https://bg3.wiki/wiki/Special:FilePath/The_Spellsparkler_Item_Icon.png,https://bg3.wiki/wiki/Special:FilePath/The_Spellsparkler_Icon.webp
mourning-frost,悼霜,Mourning Frost,assets/equipment/mourning-frost.webp,https://bg3.wiki/wiki/Special:FilePath/Mourning_Frost_Unfaded_Icon.png,https://bg3.wiki/wiki/Special:FilePath/Mourning_Frost_Unfaded_Icon.webp,https://bg3.wiki/wiki/Special:FilePath/Mourning_Frost_Item_Icon.png,https://bg3.wiki/wiki/Special:FilePath/Mourning_Frost_Icon.webp
staff-arcane-blessing,奥术祝福法杖,Staff of Arcane Blessing,assets/equipment/staff-arcane-blessing.webp,https://bg3.wiki/wiki/Special:FilePath/Staff_of_Arcane_Blessing_Unfaded_Icon.png,https://bg3.wiki/wiki/Special:FilePath/Staff_of_Arcane_Blessing_Unfaded_Icon.webp,https://bg3.wiki/wiki/Special:FilePath/Staff_of_Arcane_Blessing_Item_Icon.png,https://bg3.wiki/wiki/Special:FilePath/Staff_of_Arcane_Blessing_Icon.webp
titanstring-bow,泰坦弦弓,Titanstring Bow,assets/equipment/titanstring-bow.webp,https://bg3.wiki/wiki/Special:FilePath/Titanstring_Bow_Unfaded_Icon.png,https://bg3.wiki/wiki/Special:FilePath/Titanstring_Bow_Unfaded_Icon.webp,https://bg3.wiki/wiki/Special:FilePath/Titanstring_Bow_Item_Icon.png,https://bg3.wiki/wiki/Special:FilePath/Titanstring_Bow_Icon.webp
joltshooter,震击射手,The Joltshooter,assets/equipment/joltshooter.webp,https://bg3.wiki/wiki/Special:FilePath/The_Joltshooter_Unfaded_Icon.png,https://bg3.wiki/wiki/Special:FilePath/The_Joltshooter_Unfaded_Icon.webp,https://bg3.wiki/wiki/Special:FilePath/The_Joltshooter_Item_Icon.png,https://bg3.wiki/wiki/Special:FilePath/The_Joltshooter_Icon.webp
adamantine-shield,精金盾牌,Adamantine Shield,assets/equipment/adamantine-shield.webp,https://bg3.wiki/wiki/Special:FilePath/Adamantine_Shield_Unfaded_Icon.png,https://bg3.wiki/wiki/Special:FilePath/Adamantine_Shield_Unfaded_Icon.webp,https://bg3.wiki/wiki/Special:FilePath/Adamantine_Shield_Item_Icon.png,https://bg3.wiki/wiki/Special:FilePath/Adamantine_Shield_Icon.webp
safeguard-shield,守卫盾,Safeguard Shield,assets/equipment/safeguard-shield.webp,https://bg3.wiki/wiki/Special:FilePath/Safeguard_Shield_Unfaded_Icon.png,https://bg3.wiki/wiki/Special:FilePath/Safeguard_Shield_Unfaded_Icon.webp,https://bg3.wiki/wiki/Special:FilePath/Safeguard_Shield_Item_Icon.png,https://bg3.wiki/wiki/Special:FilePath/Safeguard_Shield_Icon.webp
helmet-arcane-acuity,奥术敏锐头盔,Helmet of Arcane Acuity,assets/equipment/helmet-arcane-acuity.webp,https://bg3.wiki/wiki/Special:FilePath/Helmet_of_Arcane_Acuity_Unfaded_Icon.png,https://bg3.wiki/wiki/Special:FilePath/Helmet_of_Arcane_Acuity_Unfaded_Icon.webp,https://bg3.wiki/wiki/Special:FilePath/Helmet_of_Arcane_Acuity_Item_Icon.png,https://bg3.wiki/wiki/Special:FilePath/Helmet_of_Arcane_Acuity_Icon.webp
hat-fire-acuity,火焰敏锐帽,Hat of Fire Acuity,assets/equipment/hat-fire-acuity.webp,https://bg3.wiki/wiki/Special:FilePath/Hat_of_Fire_Acuity_Unfaded_Icon.png,https://bg3.wiki/wiki/Special:FilePath/Hat_of_Fire_Acuity_Unfaded_Icon.webp,https://bg3.wiki/wiki/Special:FilePath/Hat_of_Fire_Acuity_Item_Icon.png,https://bg3.wiki/wiki/Special:FilePath/Hat_of_Fire_Acuity_Icon.webp
covert-cowl,隐秘兜帽,Covert Cowl,assets/equipment/covert-cowl.webp,https://bg3.wiki/wiki/Special:FilePath/Covert_Cowl_Unfaded_Icon.png,https://bg3.wiki/wiki/Special:FilePath/Covert_Cowl_Unfaded_Icon.webp,https://bg3.wiki/wiki/Special:FilePath/Covert_Cowl_Item_Icon.png,https://bg3.wiki/wiki/Special:FilePath/Covert_Cowl_Icon.webp
cloak-protection,防护斗篷,Cloak of Protection,assets/equipment/cloak-protection.webp,https://bg3.wiki/wiki/Special:FilePath/Cloak_of_Protection_Unfaded_Icon.png,https://bg3.wiki/wiki/Special:FilePath/Cloak_of_Protection_Unfaded_Icon.webp,https://bg3.wiki/wiki/Special:FilePath/Cloak_of_Protection_Item_Icon.png,https://bg3.wiki/wiki/Special:FilePath/Cloak_of_Protection_Icon.webp
cloak-elemental-absorption,元素吸收斗篷,Cloak of Elemental Absorption,assets/equipment/cloak-elemental-absorption.webp,https://bg3.wiki/wiki/Special:FilePath/Cloak_of_Elemental_Absorption_Unfaded_Icon.png,https://bg3.wiki/wiki/Special:FilePath/Cloak_of_Elemental_Absorption_Unfaded_Icon.webp,https://bg3.wiki/wiki/Special:FilePath/Cloak_of_Elemental_Absorption_Item_Icon.png,https://bg3.wiki/wiki/Special:FilePath/Cloak_of_Elemental_Absorption_Icon.webp
potent-robe,强能长袍,Potent Robe,assets/equipment/potent-robe.webp,https://bg3.wiki/wiki/Special:FilePath/Potent_Robe_Unfaded_Icon.png,https://bg3.wiki/wiki/Special:FilePath/Potent_Robe_Unfaded_Icon.webp,https://bg3.wiki/wiki/Special:FilePath/Potent_Robe_Item_Icon.png,https://bg3.wiki/wiki/Special:FilePath/Potent_Robe_Icon.webp
yuan-ti,元提鳞甲,Yuan-Ti Scale Mail,assets/equipment/yuan-ti.webp,https://bg3.wiki/wiki/Special:FilePath/Yuan-Ti_Scale_Mail_Unfaded_Icon.png,https://bg3.wiki/wiki/Special:FilePath/Yuan-Ti_Scale_Mail_Unfaded_Icon.webp,https://bg3.wiki/wiki/Special:FilePath/Yuan-Ti_Scale_Mail_Item_Icon.png,https://bg3.wiki/wiki/Special:FilePath/Yuan-Ti_Scale_Mail_Icon.webp
dark-justiciar-half,黑暗审判官半身甲,Dark Justiciar Half-Plate,assets/equipment/dark-justiciar-half.webp,https://bg3.wiki/wiki/Special:FilePath/Dark_Justiciar_Half-Plate_Unfaded_Icon.png,https://bg3.wiki/wiki/Special:FilePath/Dark_Justiciar_Half-Plate_Unfaded_Icon.webp,https://bg3.wiki/wiki/Special:FilePath/Dark_Justiciar_Half-Plate_Item_Icon.png,https://bg3.wiki/wiki/Special:FilePath/Dark_Justiciar_Half-Plate_Icon.webp
dwarven-splintmail,矮人板条甲,Dwarven Splintmail,assets/equipment/dwarven-splintmail.webp,https://bg3.wiki/wiki/Special:FilePath/Dwarven_Splintmail_Unfaded_Icon.png,https://bg3.wiki/wiki/Special:FilePath/Dwarven_Splintmail_Unfaded_Icon.webp,https://bg3.wiki/wiki/Special:FilePath/Dwarven_Splintmail_Item_Icon.png,https://bg3.wiki/wiki/Special:FilePath/Dwarven_Splintmail_Icon.webp
flawed-helldusk,残缺狱火暮光甲,Flawed Helldusk Armour,assets/equipment/flawed-helldusk.webp,https://bg3.wiki/wiki/Special:FilePath/Flawed_Helldusk_Armour_Unfaded_Icon.png,https://bg3.wiki/wiki/Special:FilePath/Flawed_Helldusk_Armour_Unfaded_Icon.webp,https://bg3.wiki/wiki/Special:FilePath/Flawed_Helldusk_Armour_Item_Icon.png,https://bg3.wiki/wiki/Special:FilePath/Flawed_Helldusk_Armour_Icon.webp
balanced-hands,平衡之手手套,Gloves of the Balanced Hands,assets/equipment/balanced-hands.webp,https://bg3.wiki/wiki/Special:FilePath/Gloves_of_the_Balanced_Hands_Unfaded_Icon.png,https://bg3.wiki/wiki/Special:FilePath/Gloves_of_the_Balanced_Hands_Unfaded_Icon.webp,https://bg3.wiki/wiki/Special:FilePath/Gloves_of_the_Balanced_Hands_Item_Icon.png,https://bg3.wiki/wiki/Special:FilePath/Gloves_of_the_Balanced_Hands_Icon.webp
flawed-helldusk-gloves,残缺狱火暮光手套,Flawed Helldusk Gloves,assets/equipment/flawed-helldusk-gloves.webp,https://bg3.wiki/wiki/Special:FilePath/Flawed_Helldusk_Gloves_Unfaded_Icon.png,https://bg3.wiki/wiki/Special:FilePath/Flawed_Helldusk_Gloves_Unfaded_Icon.webp,https://bg3.wiki/wiki/Special:FilePath/Flawed_Helldusk_Gloves_Item_Icon.png,https://bg3.wiki/wiki/Special:FilePath/Flawed_Helldusk_Gloves_Icon.webp
gloves-crushing,粉碎手套,Gloves of Crushing,assets/equipment/gloves-crushing.webp,https://bg3.wiki/wiki/Special:FilePath/Gloves_of_Crushing_Unfaded_Icon.png,https://bg3.wiki/wiki/Special:FilePath/Gloves_of_Crushing_Unfaded_Icon.webp,https://bg3.wiki/wiki/Special:FilePath/Gloves_of_Crushing_Item_Icon.png,https://bg3.wiki/wiki/Special:FilePath/Gloves_of_Crushing_Icon.webp
dark-justiciar-gauntlets,黑暗审判官手套,Dark Justiciar Gauntlets,assets/equipment/dark-justiciar-gauntlets.webp,https://bg3.wiki/wiki/Special:FilePath/Dark_Justiciar_Gauntlets_Unfaded_Icon.png,https://bg3.wiki/wiki/Special:FilePath/Dark_Justiciar_Gauntlets_Unfaded_Icon.webp,https://bg3.wiki/wiki/Special:FilePath/Dark_Justiciar_Gauntlets_Item_Icon.png,https://bg3.wiki/wiki/Special:FilePath/Dark_Justiciar_Gauntlets_Icon.webp
evasive-shoes,闪避之鞋,Evasive Shoes,assets/equipment/evasive-shoes.webp,https://bg3.wiki/wiki/Special:FilePath/Evasive_Shoes_Unfaded_Icon.png,https://bg3.wiki/wiki/Special:FilePath/Evasive_Shoes_Unfaded_Icon.webp,https://bg3.wiki/wiki/Special:FilePath/Evasive_Shoes_Item_Icon.png,https://bg3.wiki/wiki/Special:FilePath/Evasive_Shoes_Icon.webp
boots-brilliance,辉煌之靴,Boots of Brilliance,assets/equipment/boots-brilliance.webp,https://bg3.wiki/wiki/Special:FilePath/Boots_of_Brilliance_Unfaded_Icon.png,https://bg3.wiki/wiki/Special:FilePath/Boots_of_Brilliance_Unfaded_Icon.webp,https://bg3.wiki/wiki/Special:FilePath/Boots_of_Brilliance_Item_Icon.png,https://bg3.wiki/wiki/Special:FilePath/Boots_of_Brilliance_Icon.webp
spineshudder,脊椎震颤护符,Spineshudder Amulet,assets/equipment/spineshudder.webp,https://bg3.wiki/wiki/Special:FilePath/Spineshudder_Amulet_Unfaded_Icon.png,https://bg3.wiki/wiki/Special:FilePath/Spineshudder_Amulet_Unfaded_Icon.webp,https://bg3.wiki/wiki/Special:FilePath/Spineshudder_Amulet_Item_Icon.png,https://bg3.wiki/wiki/Special:FilePath/Spineshudder_Amulet_Icon.webp
surgeon-subjugation,外科医生征服护符,Surgeon's Subjugation Amulet,assets/equipment/surgeon-subjugation.webp,https://bg3.wiki/wiki/Special:FilePath/Surgeon's_Subjugation_Amulet_Unfaded_Icon.png,https://bg3.wiki/wiki/Special:FilePath/Surgeon's_Subjugation_Amulet_Unfaded_Icon.webp,https://bg3.wiki/wiki/Special:FilePath/Surgeon's_Subjugation_Amulet_Item_Icon.png,https://bg3.wiki/wiki/Special:FilePath/Surgeon's_Subjugation_Amulet_Icon.webp
harpers-amulet,竖琴手护符,Amulet of the Harpers,assets/equipment/harpers-amulet.webp,https://bg3.wiki/wiki/Special:FilePath/Amulet_of_the_Harpers_Unfaded_Icon.png,https://bg3.wiki/wiki/Special:FilePath/Amulet_of_the_Harpers_Unfaded_Icon.webp,https://bg3.wiki/wiki/Special:FilePath/Amulet_of_the_Harpers_Item_Icon.png,https://bg3.wiki/wiki/Special:FilePath/Amulet_of_the_Harpers_Icon.webp
spellcrux,法术核心护符,Spellcrux Amulet,assets/equipment/spellcrux.webp,https://bg3.wiki/wiki/Special:FilePath/Spellcrux_Amulet_Unfaded_Icon.png,https://bg3.wiki/wiki/Special:FilePath/Spellcrux_Amulet_Unfaded_Icon.webp,https://bg3.wiki/wiki/Special:FilePath/Spellcrux_Amulet_Item_Icon.png,https://bg3.wiki/wiki/Special:FilePath/Spellcrux_Amulet_Icon.webp
risky-ring,风险戒指,Risky Ring,assets/equipment/risky-ring.webp,https://bg3.wiki/wiki/Special:FilePath/Risky_Ring_Unfaded_Icon.png,https://bg3.wiki/wiki/Special:FilePath/Risky_Ring_Unfaded_Icon.webp,https://bg3.wiki/wiki/Special:FilePath/Risky_Ring_Item_Icon.png,https://bg3.wiki/wiki/Special:FilePath/Risky_Ring_Icon.webp
callous-glow,无情光芒之戒,Callous Glow Ring,assets/equipment/callous-glow.webp,https://bg3.wiki/wiki/Special:FilePath/Callous_Glow_Ring_Unfaded_Icon.png,https://bg3.wiki/wiki/Special:FilePath/Callous_Glow_Ring_Unfaded_Icon.webp,https://bg3.wiki/wiki/Special:FilePath/Callous_Glow_Ring_Item_Icon.png,https://bg3.wiki/wiki/Special:FilePath/Callous_Glow_Ring_Icon.webp
coruscation-ring,闪耀戒指,Coruscation Ring,assets/equipment/coruscation-ring.webp,https://bg3.wiki/wiki/Special:FilePath/Coruscation_Ring_Unfaded_Icon.png,https://bg3.wiki/wiki/Special:FilePath/Coruscation_Ring_Unfaded_Icon.webp,https://bg3.wiki/wiki/Special:FilePath/Coruscation_Ring_Item_Icon.png,https://bg3.wiki/wiki/Special:FilePath/Coruscation_Ring_Icon.webp
mental-inhibition,精神抑制戒指,Ring of Mental Inhibition,assets/equipment/mental-inhibition.webp,https://bg3.wiki/wiki/Special:FilePath/Ring_of_Mental_Inhibition_Unfaded_Icon.png,https://bg3.wiki/wiki/Special:FilePath/Ring_of_Mental_Inhibition_Unfaded_Icon.webp,https://bg3.wiki/wiki/Special:FilePath/Ring_of_Mental_Inhibition_Item_Icon.png,https://bg3.wiki/wiki/Special:FilePath/Ring_of_Mental_Inhibition_Icon.webp
snowburst,雪爆戒指,Snowburst Ring,assets/equipment/snowburst.webp,https://bg3.wiki/wiki/Special:FilePath/Snowburst_Ring_Unfaded_Icon.png,https://bg3.wiki/wiki/Special:FilePath/Snowburst_Ring_Unfaded_Icon.webp,https://bg3.wiki/wiki/Special:FilePath/Snowburst_Ring_Item_Icon.png,https://bg3.wiki/wiki/Special:FilePath/Snowburst_Ring_Icon.webp
killers-sweetheart,杀手甜心,Killer's Sweetheart,assets/equipment/killers-sweetheart.webp,https://bg3.wiki/wiki/Special:FilePath/Killer's_Sweetheart_Unfaded_Icon.png,https://bg3.wiki/wiki/Special:FilePath/Killer's_Sweetheart_Unfaded_Icon.webp,https://bg3.wiki/wiki/Special:FilePath/Killer's_Sweetheart_Item_Icon.png,https://bg3.wiki/wiki/Special:FilePath/Killer's_Sweetheart_Icon.webp
drakethroat,龙喉战刃,Drakethroat Glaive,assets/equipment/drakethroat.webp,https://bg3.wiki/wiki/Special:FilePath/Drakethroat_Glaive_Unfaded_Icon.png,https://bg3.wiki/wiki/Special:FilePath/Drakethroat_Glaive_Unfaded_Icon.webp,https://bg3.wiki/wiki/Special:FilePath/Drakethroat_Glaive_Item_Icon.png,https://bg3.wiki/wiki/Special:FilePath/Drakethroat_Glaive_Icon.webp
charge-bound-warhammer,充能束缚战锤,Charge-Bound Warhammer,assets/equipment/charge-bound-warhammer.webp,https://bg3.wiki/wiki/Special:FilePath/Charge-Bound_Warhammer_Unfaded_Icon.png,https://bg3.wiki/wiki/Special:FilePath/Charge-Bound_Warhammer_Unfaded_Icon.webp,https://bg3.wiki/wiki/Special:FilePath/Charge-Bound_Warhammer_Item_Icon.png,https://bg3.wiki/wiki/Special:FilePath/Charge-Bound_Warhammer_Icon.webp
render-mind-body,身心撕裂者,Render of Mind and Body,assets/equipment/render-mind-body.webp,https://bg3.wiki/wiki/Special:FilePath/Render_of_Mind_and_Body_Unfaded_Icon.png,https://bg3.wiki/wiki/Special:FilePath/Render_of_Mind_and_Body_Unfaded_Icon.webp,https://bg3.wiki/wiki/Special:FilePath/Render_of_Mind_and_Body_Item_Icon.png,https://bg3.wiki/wiki/Special:FilePath/Render_of_Mind_and_Body_Icon.webp
sword-life-stealing,夺命之剑,Sword of Life Stealing,assets/equipment/sword-life-stealing.webp,https://bg3.wiki/wiki/Special:FilePath/Sword_of_Life_Stealing_Unfaded_Icon.png,https://bg3.wiki/wiki/Special:FilePath/Sword_of_Life_Stealing_Unfaded_Icon.webp,https://bg3.wiki/wiki/Special:FilePath/Sword_of_Life_Stealing_Item_Icon.png,https://bg3.wiki/wiki/Special:FilePath/Sword_of_Life_Stealing_Icon.webp
halberd-vigilance,警戒戟,Halberd of Vigilance,assets/equipment/halberd-vigilance.webp,https://bg3.wiki/wiki/Special:FilePath/Halberd_of_Vigilance_Unfaded_Icon.png,https://bg3.wiki/wiki/Special:FilePath/Halberd_of_Vigilance_Unfaded_Icon.webp,https://bg3.wiki/wiki/Special:FilePath/Halberd_of_Vigilance_Item_Icon.png,https://bg3.wiki/wiki/Special:FilePath/Halberd_of_Vigilance_Icon.webp
moonlight-glaive,月光战刃,Moonlight Glaive,assets/equipment/moonlight-glaive.webp,https://bg3.wiki/wiki/Special:FilePath/Moonlight_Glaive_Unfaded_Icon.png,https://bg3.wiki/wiki/Special:FilePath/Moonlight_Glaive_Unfaded_Icon.webp,https://bg3.wiki/wiki/Special:FilePath/Moonlight_Glaive_Item_Icon.png,https://bg3.wiki/wiki/Special:FilePath/Moonlight_Glaive_Icon.webp
shars-spear,莎尔黄昏之矛,Shar's Spear of Evening,assets/equipment/shars-spear.webp,https://bg3.wiki/wiki/Special:FilePath/Shar's_Spear_of_Evening_Unfaded_Icon.png,https://bg3.wiki/wiki/Special:FilePath/Shar's_Spear_of_Evening_Unfaded_Icon.webp,https://bg3.wiki/wiki/Special:FilePath/Shar's_Spear_of_Evening_Item_Icon.png,https://bg3.wiki/wiki/Special:FilePath/Shar's_Spear_of_Evening_Icon.webp
selunes-spear,塞伦涅夜矛,Selûne's Spear of Night,assets/equipment/selunes-spear.webp,https://bg3.wiki/wiki/Special:FilePath/Sel%C3%BBne's_Spear_of_Night_Unfaded_Icon.png,https://bg3.wiki/wiki/Special:FilePath/Sel%C3%BBne's_Spear_of_Night_Unfaded_Icon.webp,https://bg3.wiki/wiki/Special:FilePath/Sel%C3%BBne's_Spear_of_Night_Item_Icon.png,https://bg3.wiki/wiki/Special:FilePath/Sel%C3%BBne's_Spear_of_Night_Icon.webp
darkfire-shortbow,暗火短弓,Darkfire Shortbow,assets/equipment/darkfire-shortbow.webp,https://bg3.wiki/wiki/Special:FilePath/Darkfire_Shortbow_Unfaded_Icon.png,https://bg3.wiki/wiki/Special:FilePath/Darkfire_Shortbow_Unfaded_Icon.webp,https://bg3.wiki/wiki/Special:FilePath/Darkfire_Shortbow_Item_Icon.png,https://bg3.wiki/wiki/Special:FilePath/Darkfire_Shortbow_Icon.webp
neer-misser,绝不失手,Ne'er Misser,assets/equipment/neer-misser.webp,https://bg3.wiki/wiki/Special:FilePath/Ne'er_Misser_Unfaded_Icon.png,https://bg3.wiki/wiki/Special:FilePath/Ne'er_Misser_Unfaded_Icon.webp,https://bg3.wiki/wiki/Special:FilePath/Ne'er_Misser_Item_Icon.png,https://bg3.wiki/wiki/Special:FilePath/Ne'er_Misser_Icon.webp
hellfire-hand-crossbow,地狱火手弩,Hellfire Hand Crossbow,assets/equipment/hellfire-hand-crossbow.webp,https://bg3.wiki/wiki/Special:FilePath/Hellfire_Hand_Crossbow_Unfaded_Icon.png,https://bg3.wiki/wiki/Special:FilePath/Hellfire_Hand_Crossbow_Unfaded_Icon.webp,https://bg3.wiki/wiki/Special:FilePath/Hellfire_Hand_Crossbow_Item_Icon.png,https://bg3.wiki/wiki/Special:FilePath/Hellfire_Hand_Crossbow_Icon.webp
ketheric-shield,凯瑟里克之盾,Ketheric's Shield,assets/equipment/ketheric-shield.webp,https://bg3.wiki/wiki/Special:FilePath/Ketheric's_Shield_Unfaded_Icon.png,https://bg3.wiki/wiki/Special:FilePath/Ketheric's_Shield_Unfaded_Icon.webp,https://bg3.wiki/wiki/Special:FilePath/Ketheric's_Shield_Item_Icon.png,https://bg3.wiki/wiki/Special:FilePath/Ketheric's_Shield_Icon.webp
birthright,天赋权利,Birthright,assets/equipment/birthright.webp,https://bg3.wiki/wiki/Special:FilePath/Birthright_Unfaded_Icon.png,https://bg3.wiki/wiki/Special:FilePath/Birthright_Unfaded_Icon.webp,https://bg3.wiki/wiki/Special:FilePath/Birthright_Item_Icon.png,https://bg3.wiki/wiki/Special:FilePath/Birthright_Icon.webp
hood-weave,织法兜帽,Hood of the Weave,assets/equipment/hood-weave.webp,https://bg3.wiki/wiki/Special:FilePath/Hood_of_the_Weave_Unfaded_Icon.png,https://bg3.wiki/wiki/Special:FilePath/Hood_of_the_Weave_Unfaded_Icon.webp,https://bg3.wiki/wiki/Special:FilePath/Hood_of_the_Weave_Item_Icon.png,https://bg3.wiki/wiki/Special:FilePath/Hood_of_the_Weave_Icon.webp
helm-balduran,博德安之盔,Helm of Balduran,assets/equipment/helm-balduran.webp,https://bg3.wiki/wiki/Special:FilePath/Helm_of_Balduran_Unfaded_Icon.png,https://bg3.wiki/wiki/Special:FilePath/Helm_of_Balduran_Unfaded_Icon.webp,https://bg3.wiki/wiki/Special:FilePath/Helm_of_Balduran_Item_Icon.png,https://bg3.wiki/wiki/Special:FilePath/Helm_of_Balduran_Icon.webp
sarevok-helm,沙洛佛克角盔,Sarevok's Horned Helmet,assets/equipment/sarevok-helm.webp,https://bg3.wiki/wiki/Special:FilePath/Sarevok's_Horned_Helmet_Unfaded_Icon.png,https://bg3.wiki/wiki/Special:FilePath/Sarevok's_Horned_Helmet_Unfaded_Icon.webp,https://bg3.wiki/wiki/Special:FilePath/Sarevok's_Horned_Helmet_Item_Icon.png,https://bg3.wiki/wiki/Special:FilePath/Sarevok's_Horned_Helmet_Icon.webp
mask-soul-perception,灵魂感知面具,Mask of Soul Perception,assets/equipment/mask-soul-perception.webp,https://bg3.wiki/wiki/Special:FilePath/Mask_of_Soul_Perception_Unfaded_Icon.png,https://bg3.wiki/wiki/Special:FilePath/Mask_of_Soul_Perception_Unfaded_Icon.webp,https://bg3.wiki/wiki/Special:FilePath/Mask_of_Soul_Perception_Item_Icon.png,https://bg3.wiki/wiki/Special:FilePath/Mask_of_Soul_Perception_Icon.webp
pyroquickness,烈焰迅捷帽,Pyroquickness Hat,assets/equipment/pyroquickness.webp,https://bg3.wiki/wiki/Special:FilePath/Pyroquickness_Hat_Unfaded_Icon.png,https://bg3.wiki/wiki/Special:FilePath/Pyroquickness_Hat_Unfaded_Icon.webp,https://bg3.wiki/wiki/Special:FilePath/Pyroquickness_Hat_Item_Icon.png,https://bg3.wiki/wiki/Special:FilePath/Pyroquickness_Hat_Icon.webp
cloak-weave,织法斗篷,Cloak of the Weave,assets/equipment/cloak-weave.webp,https://bg3.wiki/wiki/Special:FilePath/Cloak_of_the_Weave_Unfaded_Icon.png,https://bg3.wiki/wiki/Special:FilePath/Cloak_of_the_Weave_Unfaded_Icon.webp,https://bg3.wiki/wiki/Special:FilePath/Cloak_of_the_Weave_Item_Icon.png,https://bg3.wiki/wiki/Special:FilePath/Cloak_of_the_Weave_Icon.webp
cloak-displacement,移位斗篷,Cloak of Displacement,assets/equipment/cloak-displacement.webp,https://bg3.wiki/wiki/Special:FilePath/Cloak_of_Displacement_Unfaded_Icon.png,https://bg3.wiki/wiki/Special:FilePath/Cloak_of_Displacement_Unfaded_Icon.webp,https://bg3.wiki/wiki/Special:FilePath/Cloak_of_Displacement_Item_Icon.png,https://bg3.wiki/wiki/Special:FilePath/Cloak_of_Displacement_Icon.webp
shade-slayer-cloak,暗影杀手斗篷,Shade-Slayer Cloak,assets/equipment/shade-slayer-cloak.webp,https://bg3.wiki/wiki/Special:FilePath/Shade-Slayer_Cloak_Unfaded_Icon.png,https://bg3.wiki/wiki/Special:FilePath/Shade-Slayer_Cloak_Unfaded_Icon.webp,https://bg3.wiki/wiki/Special:FilePath/Shade-Slayer_Cloak_Item_Icon.png,https://bg3.wiki/wiki/Special:FilePath/Shade-Slayer_Cloak_Icon.webp
armour-agility,敏捷护甲,Armour of Agility,assets/equipment/armour-agility.webp,https://bg3.wiki/wiki/Special:FilePath/Armour_of_Agility_Unfaded_Icon.png,https://bg3.wiki/wiki/Special:FilePath/Armour_of_Agility_Unfaded_Icon.webp,https://bg3.wiki/wiki/Special:FilePath/Armour_of_Agility_Item_Icon.png,https://bg3.wiki/wiki/Special:FilePath/Armour_of_Agility_Icon.webp
helldusk-armour,狱火暮光甲,Helldusk Armour,assets/equipment/helldusk-armour.webp,https://bg3.wiki/wiki/Special:FilePath/Helldusk_Armour_Unfaded_Icon.png,https://bg3.wiki/wiki/Special:FilePath/Helldusk_Armour_Unfaded_Icon.webp,https://bg3.wiki/wiki/Special:FilePath/Helldusk_Armour_Item_Icon.png,https://bg3.wiki/wiki/Special:FilePath/Helldusk_Armour_Icon.webp
bhaalist-armour,巴尔信徒护甲,Bhaalist Armour,assets/equipment/bhaalist-armour.webp,https://bg3.wiki/wiki/Special:FilePath/Bhaalist_Armour_Unfaded_Icon.png,https://bg3.wiki/wiki/Special:FilePath/Bhaalist_Armour_Unfaded_Icon.webp,https://bg3.wiki/wiki/Special:FilePath/Bhaalist_Armour_Item_Icon.png,https://bg3.wiki/wiki/Special:FilePath/Bhaalist_Armour_Icon.webp
robe-weave,织法长袍,Robe of the Weave,assets/equipment/robe-weave.webp,https://bg3.wiki/wiki/Special:FilePath/Robe_of_the_Weave_Unfaded_Icon.png,https://bg3.wiki/wiki/Special:FilePath/Robe_of_the_Weave_Unfaded_Icon.webp,https://bg3.wiki/wiki/Special:FilePath/Robe_of_the_Weave_Item_Icon.png,https://bg3.wiki/wiki/Special:FilePath/Robe_of_the_Weave_Icon.webp
bonespike-garb,骨刺服,Bonespike Garb,assets/equipment/bonespike-garb.webp,https://bg3.wiki/wiki/Special:FilePath/Bonespike_Garb_Unfaded_Icon.png,https://bg3.wiki/wiki/Special:FilePath/Bonespike_Garb_Unfaded_Icon.webp,https://bg3.wiki/wiki/Special:FilePath/Bonespike_Garb_Item_Icon.png,https://bg3.wiki/wiki/Special:FilePath/Bonespike_Garb_Icon.webp
gauntlets-hill-giant,山丘巨人力量护手,Gauntlets of Hill Giant Strength,assets/equipment/gauntlets-hill-giant.webp,https://bg3.wiki/wiki/Special:FilePath/Gauntlets_of_Hill_Giant_Strength_Unfaded_Icon.png,https://bg3.wiki/wiki/Special:FilePath/Gauntlets_of_Hill_Giant_Strength_Unfaded_Icon.webp,https://bg3.wiki/wiki/Special:FilePath/Gauntlets_of_Hill_Giant_Strength_Item_Icon.png,https://bg3.wiki/wiki/Special:FilePath/Gauntlets_of_Hill_Giant_Strength_Icon.webp
legacy-masters,大师遗产,Legacy of the Masters,assets/equipment/legacy-masters.webp,https://bg3.wiki/wiki/Special:FilePath/Legacy_of_the_Masters_Unfaded_Icon.png,https://bg3.wiki/wiki/Special:FilePath/Legacy_of_the_Masters_Unfaded_Icon.webp,https://bg3.wiki/wiki/Special:FilePath/Legacy_of_the_Masters_Item_Icon.png,https://bg3.wiki/wiki/Special:FilePath/Legacy_of_the_Masters_Icon.webp
helldusk-gloves,狱火暮光手套,Helldusk Gloves,assets/equipment/helldusk-gloves.webp,https://bg3.wiki/wiki/Special:FilePath/Helldusk_Gloves_Unfaded_Icon.png,https://bg3.wiki/wiki/Special:FilePath/Helldusk_Gloves_Unfaded_Icon.webp,https://bg3.wiki/wiki/Special:FilePath/Helldusk_Gloves_Item_Icon.png,https://bg3.wiki/wiki/Special:FilePath/Helldusk_Gloves_Icon.webp
soul-catching,灵魂捕捉手套,Gloves of Soul Catching,assets/equipment/soul-catching.webp,https://bg3.wiki/wiki/Special:FilePath/Gloves_of_Soul_Catching_Unfaded_Icon.png,https://bg3.wiki/wiki/Special:FilePath/Gloves_of_Soul_Catching_Unfaded_Icon.webp,https://bg3.wiki/wiki/Special:FilePath/Gloves_of_Soul_Catching_Item_Icon.png,https://bg3.wiki/wiki/Special:FilePath/Gloves_of_Soul_Catching_Icon.webp
spellmight,法术强能手套,Spellmight Gloves,assets/equipment/spellmight.webp,https://bg3.wiki/wiki/Special:FilePath/Spellmight_Gloves_Unfaded_Icon.png,https://bg3.wiki/wiki/Special:FilePath/Spellmight_Gloves_Unfaded_Icon.webp,https://bg3.wiki/wiki/Special:FilePath/Spellmight_Gloves_Item_Icon.png,https://bg3.wiki/wiki/Special:FilePath/Spellmight_Gloves_Icon.webp
craterflesh,裂肉手套,Craterflesh Gloves,assets/equipment/craterflesh.webp,https://bg3.wiki/wiki/Special:FilePath/Craterflesh_Gloves_Unfaded_Icon.png,https://bg3.wiki/wiki/Special:FilePath/Craterflesh_Gloves_Unfaded_Icon.webp,https://bg3.wiki/wiki/Special:FilePath/Craterflesh_Gloves_Item_Icon.png,https://bg3.wiki/wiki/Special:FilePath/Craterflesh_Gloves_Icon.webp
helldusk-boots,狱火暮光长靴,Helldusk Boots,assets/equipment/helldusk-boots.webp,https://bg3.wiki/wiki/Special:FilePath/Helldusk_Boots_Unfaded_Icon.png,https://bg3.wiki/wiki/Special:FilePath/Helldusk_Boots_Unfaded_Icon.webp,https://bg3.wiki/wiki/Special:FilePath/Helldusk_Boots_Item_Icon.png,https://bg3.wiki/wiki/Special:FilePath/Helldusk_Boots_Icon.webp
boots-persistence,坚毅之靴,Boots of Persistence,assets/equipment/boots-persistence.webp,https://bg3.wiki/wiki/Special:FilePath/Boots_of_Persistence_Unfaded_Icon.png,https://bg3.wiki/wiki/Special:FilePath/Boots_of_Persistence_Unfaded_Icon.webp,https://bg3.wiki/wiki/Special:FilePath/Boots_of_Persistence_Item_Icon.png,https://bg3.wiki/wiki/Special:FilePath/Boots_of_Persistence_Icon.webp
bonespike-boots,骨刺长靴,Bonespike Boots,assets/equipment/bonespike-boots.webp,https://bg3.wiki/wiki/Special:FilePath/Bonespike_Boots_Unfaded_Icon.png,https://bg3.wiki/wiki/Special:FilePath/Bonespike_Boots_Unfaded_Icon.webp,https://bg3.wiki/wiki/Special:FilePath/Bonespike_Boots_Item_Icon.png,https://bg3.wiki/wiki/Special:FilePath/Bonespike_Boots_Icon.webp
amulet-health,强健护符,Amulet of Greater Health,assets/equipment/amulet-health.webp,https://bg3.wiki/wiki/Special:FilePath/Amulet_of_Greater_Health_Unfaded_Icon.png,https://bg3.wiki/wiki/Special:FilePath/Amulet_of_Greater_Health_Unfaded_Icon.webp,https://bg3.wiki/wiki/Special:FilePath/Amulet_of_Greater_Health_Item_Icon.png,https://bg3.wiki/wiki/Special:FilePath/Amulet_of_Greater_Health_Icon.webp
amulet-devout,虔诚护符,Amulet of the Devout,assets/equipment/amulet-devout.webp,https://bg3.wiki/wiki/Special:FilePath/Amulet_of_the_Devout_Unfaded_Icon.png,https://bg3.wiki/wiki/Special:FilePath/Amulet_of_the_Devout_Unfaded_Icon.webp,https://bg3.wiki/wiki/Special:FilePath/Amulet_of_the_Devout_Item_Icon.png,https://bg3.wiki/wiki/Special:FilePath/Amulet_of_the_Devout_Icon.webp
fey-semblance,妖精外貌护符,Fey Semblance Amulet,assets/equipment/fey-semblance.webp,https://bg3.wiki/wiki/Special:FilePath/Fey_Semblance_Amulet_Unfaded_Icon.png,https://bg3.wiki/wiki/Special:FilePath/Fey_Semblance_Amulet_Unfaded_Icon.webp,https://bg3.wiki/wiki/Special:FilePath/Fey_Semblance_Amulet_Item_Icon.png,https://bg3.wiki/wiki/Special:FilePath/Fey_Semblance_Amulet_Icon.webp
khalids-gift,卡立德的礼物,Khalid's Gift,assets/equipment/khalids-gift.webp,https://bg3.wiki/wiki/Special:FilePath/Khalid's_Gift_Unfaded_Icon.png,https://bg3.wiki/wiki/Special:FilePath/Khalid's_Gift_Unfaded_Icon.webp,https://bg3.wiki/wiki/Special:FilePath/Khalid's_Gift_Item_Icon.png,https://bg3.wiki/wiki/Special:FilePath/Khalid's_Gift_Icon.webp
band-mystic-scoundrel,神秘恶棍戒指,Band of the Mystic Scoundrel,assets/equipment/band-mystic-scoundrel.webp,https://bg3.wiki/wiki/Special:FilePath/Band_of_the_Mystic_Scoundrel_Unfaded_Icon.png,https://bg3.wiki/wiki/Special:FilePath/Band_of_the_Mystic_Scoundrel_Unfaded_Icon.webp,https://bg3.wiki/wiki/Special:FilePath/Band_of_the_Mystic_Scoundrel_Item_Icon.png,https://bg3.wiki/wiki/Special:FilePath/Band_of_the_Mystic_Scoundrel_Icon.webp
ring-regeneration,再生戒指,Ring of Regeneration,assets/equipment/ring-regeneration.webp,https://bg3.wiki/wiki/Special:FilePath/Ring_of_Regeneration_Unfaded_Icon.png,https://bg3.wiki/wiki/Special:FilePath/Ring_of_Regeneration_Unfaded_Icon.webp,https://bg3.wiki/wiki/Special:FilePath/Ring_of_Regeneration_Item_Icon.png,https://bg3.wiki/wiki/Special:FilePath/Ring_of_Regeneration_Icon.webp
feywild-sparks,妖精荒野火花戒指,Ring of Feywild Sparks,assets/equipment/feywild-sparks.webp,https://bg3.wiki/wiki/Special:FilePath/Ring_of_Feywild_Sparks_Unfaded_Icon.png,https://bg3.wiki/wiki/Special:FilePath/Ring_of_Feywild_Sparks_Unfaded_Icon.webp,https://bg3.wiki/wiki/Special:FilePath/Ring_of_Feywild_Sparks_Item_Icon.png,https://bg3.wiki/wiki/Special:FilePath/Ring_of_Feywild_Sparks_Icon.webp
free-action,自由行动戒指,Ring of Free Action,assets/equipment/free-action.webp,https://bg3.wiki/wiki/Special:FilePath/Ring_of_Free_Action_Unfaded_Icon.png,https://bg3.wiki/wiki/Special:FilePath/Ring_of_Free_Action_Unfaded_Icon.webp,https://bg3.wiki/wiki/Special:FilePath/Ring_of_Free_Action_Item_Icon.png,https://bg3.wiki/wiki/Special:FilePath/Ring_of_Free_Action_Icon.webp
markoheshkir,玛科赫什基,Markoheshkir,assets/equipment/markoheshkir.webp,https://bg3.wiki/wiki/Special:FilePath/Markoheshkir_Unfaded_Icon.png,https://bg3.wiki/wiki/Special:FilePath/Markoheshkir_Unfaded_Icon.webp,https://bg3.wiki/wiki/Special:FilePath/Markoheshkir_Item_Icon.png,https://bg3.wiki/wiki/Special:FilePath/Markoheshkir_Icon.webp
staff-spellpower,法术力量法杖,Staff of Spellpower,assets/equipment/staff-spellpower.webp,https://bg3.wiki/wiki/Special:FilePath/Staff_of_Spellpower_Unfaded_Icon.png,https://bg3.wiki/wiki/Special:FilePath/Staff_of_Spellpower_Unfaded_Icon.webp,https://bg3.wiki/wiki/Special:FilePath/Staff_of_Spellpower_Item_Icon.png,https://bg3.wiki/wiki/Special:FilePath/Staff_of_Spellpower_Icon.webp
rhapsody,狂想曲,Rhapsody,assets/equipment/rhapsody.webp,https://bg3.wiki/wiki/Special:FilePath/Rhapsody_Unfaded_Icon.png,https://bg3.wiki/wiki/Special:FilePath/Rhapsody_Unfaded_Icon.webp,https://bg3.wiki/wiki/Special:FilePath/Rhapsody_Item_Icon.png,https://bg3.wiki/wiki/Special:FilePath/Rhapsody_Icon.webp
nyrulna,尼鲁纳,Nyrulna,assets/equipment/nyrulna.webp,https://bg3.wiki/wiki/Special:FilePath/Nyrulna_Unfaded_Icon.png,https://bg3.wiki/wiki/Special:FilePath/Nyrulna_Unfaded_Icon.webp,https://bg3.wiki/wiki/Special:FilePath/Nyrulna_Item_Icon.png,https://bg3.wiki/wiki/Special:FilePath/Nyrulna_Icon.webp
baldurans-giantslayer,博德安巨人杀手,Balduran's Giantslayer,assets/equipment/baldurans-giantslayer.webp,https://bg3.wiki/wiki/Special:FilePath/Balduran's_Giantslayer_Unfaded_Icon.png,https://bg3.wiki/wiki/Special:FilePath/Balduran's_Giantslayer_Unfaded_Icon.webp,https://bg3.wiki/wiki/Special:FilePath/Balduran's_Giantslayer_Item_Icon.png,https://bg3.wiki/wiki/Special:FilePath/Balduran's_Giantslayer_Icon.webp
bloodthirst,嗜血,Bloodthirst,assets/equipment/bloodthirst.webp,https://bg3.wiki/wiki/Special:FilePath/Bloodthirst_Unfaded_Icon.png,https://bg3.wiki/wiki/Special:FilePath/Bloodthirst_Unfaded_Icon.webp,https://bg3.wiki/wiki/Special:FilePath/Bloodthirst_Item_Icon.png,https://bg3.wiki/wiki/Special:FilePath/Bloodthirst_Icon.webp
crimson-mischief,猩红恶作剧,Crimson Mischief,assets/equipment/crimson-mischief.webp,https://bg3.wiki/wiki/Special:FilePath/Crimson_Mischief_Unfaded_Icon.png,https://bg3.wiki/wiki/Special:FilePath/Crimson_Mischief_Unfaded_Icon.webp,https://bg3.wiki/wiki/Special:FilePath/Crimson_Mischief_Item_Icon.png,https://bg3.wiki/wiki/Special:FilePath/Crimson_Mischief_Icon.webp
duellists-prerogative,决斗者特权,Duellist's Prerogative,assets/equipment/duellists-prerogative.webp,https://bg3.wiki/wiki/Special:FilePath/Duellist's_Prerogative_Unfaded_Icon.png,https://bg3.wiki/wiki/Special:FilePath/Duellist's_Prerogative_Unfaded_Icon.webp,https://bg3.wiki/wiki/Special:FilePath/Duellist's_Prerogative_Item_Icon.png,https://bg3.wiki/wiki/Special:FilePath/Duellist's_Prerogative_Icon.webp
silver-sword-astral,星界银剑,Silver Sword of the Astral Plane,assets/equipment/silver-sword-astral.webp,https://bg3.wiki/wiki/Special:FilePath/Silver_Sword_of_the_Astral_Plane_Unfaded_Icon.png,https://bg3.wiki/wiki/Special:FilePath/Silver_Sword_of_the_Astral_Plane_Unfaded_Icon.webp,https://bg3.wiki/wiki/Special:FilePath/Silver_Sword_of_the_Astral_Plane_Item_Icon.png,https://bg3.wiki/wiki/Special:FilePath/Silver_Sword_of_the_Astral_Plane_Icon.webp
devotees-mace,信徒钉头锤,Devotee's Mace,assets/equipment/devotees-mace.webp,https://bg3.wiki/wiki/Special:FilePath/Devotee's_Mace_Unfaded_Icon.png,https://bg3.wiki/wiki/Special:FilePath/Devotee's_Mace_Unfaded_Icon.webp,https://bg3.wiki/wiki/Special:FilePath/Devotee's_Mace_Item_Icon.png,https://bg3.wiki/wiki/Special:FilePath/Devotee's_Mace_Icon.webp
dolor-amarus,苦痛之刃,Dolor Amarus,assets/equipment/dolor-amarus.webp,https://bg3.wiki/wiki/Special:FilePath/Dolor_Amarus_Unfaded_Icon.png,https://bg3.wiki/wiki/Special:FilePath/Dolor_Amarus_Unfaded_Icon.webp,https://bg3.wiki/wiki/Special:FilePath/Dolor_Amarus_Item_Icon.png,https://bg3.wiki/wiki/Special:FilePath/Dolor_Amarus_Icon.webp
gontr-mael,贡特尔·梅尔,Gontr Mael,assets/equipment/gontr-mael.webp,https://bg3.wiki/wiki/Special:FilePath/Gontr_Mael_Unfaded_Icon.png,https://bg3.wiki/wiki/Special:FilePath/Gontr_Mael_Unfaded_Icon.webp,https://bg3.wiki/wiki/Special:FilePath/Gontr_Mael_Item_Icon.png,https://bg3.wiki/wiki/Special:FilePath/Gontr_Mael_Icon.webp
dead-shot,致命一击,The Dead Shot,assets/equipment/dead-shot.webp,https://bg3.wiki/wiki/Special:FilePath/The_Dead_Shot_Unfaded_Icon.png,https://bg3.wiki/wiki/Special:FilePath/The_Dead_Shot_Unfaded_Icon.webp,https://bg3.wiki/wiki/Special:FilePath/The_Dead_Shot_Item_Icon.png,https://bg3.wiki/wiki/Special:FilePath/The_Dead_Shot_Icon.webp
hellfire-engine-crossbow,地狱火引擎弩,Hellfire Engine Crossbow,assets/equipment/hellfire-engine-crossbow.webp,https://bg3.wiki/wiki/Special:FilePath/Hellfire_Engine_Crossbow_Unfaded_Icon.png,https://bg3.wiki/wiki/Special:FilePath/Hellfire_Engine_Crossbow_Unfaded_Icon.webp,https://bg3.wiki/wiki/Special:FilePath/Hellfire_Engine_Crossbow_Item_Icon.png,https://bg3.wiki/wiki/Special:FilePath/Hellfire_Engine_Crossbow_Icon.webp
viconia-fortress,维康妮亚行走堡垒,Viconia's Walking Fortress,assets/equipment/viconia-fortress.webp,https://bg3.wiki/wiki/Special:FilePath/Viconia's_Walking_Fortress_Unfaded_Icon.png,https://bg3.wiki/wiki/Special:FilePath/Viconia's_Walking_Fortress_Unfaded_Icon.webp,https://bg3.wiki/wiki/Special:FilePath/Viconia's_Walking_Fortress_Item_Icon.png,https://bg3.wiki/wiki/Special:FilePath/Viconia's_Walking_Fortress_Icon.webp
shield-undevout,不虔之盾,Shield of the Undevout,assets/equipment/shield-undevout.webp,https://bg3.wiki/wiki/Special:FilePath/Shield_of_the_Undevout_Unfaded_Icon.png,https://bg3.wiki/wiki/Special:FilePath/Shield_of_the_Undevout_Unfaded_Icon.webp,https://bg3.wiki/wiki/Special:FilePath/Shield_of_the_Undevout_Item_Icon.png,https://bg3.wiki/wiki/Special:FilePath/Shield_of_the_Undevout_Icon.webp
