id,中文名,English,preferred_hd_path,wiki_page,tooltip_candidate_1,tooltip_candidate_2,legacy_local_path,controller_icon_fallback
haste-helm,急速头盔,Haste Helm,assets/hd/equipment/haste-helm.webp|png|jpg,https://bg3.wiki/wiki/Haste_Helm,https://bg3.wiki/wiki/Special:FilePath/Haste_Helm_Faded.png,https://bg3.wiki/wiki/Special:FilePath/Haste_Helm_Faded.webp,assets/equipment/haste-helm.webp,https://bg3.wiki/wiki/Special:FilePath/Haste_Helm_Unfaded_Icon.png
warped-intellect,扭曲智力头带,Warped Headband of Intellect,assets/hd/equipment/warped-intellect.webp|png|jpg,https://bg3.wiki/wiki/Warped_Headband_of_Intellect,https://bg3.wiki/wiki/Special:FilePath/Warped_Headband_of_Intellect_Faded.png,https://bg3.wiki/wiki/Special:FilePath/Warped_Headband_of_Intellect_Faded.webp,assets/equipment/warped-intellect.webp,https://bg3.wiki/wiki/Special:FilePath/Warped_Headband_of_Intellect_Unfaded_Icon.png
helmet-smiting,惩击头盔,Helmet of Smiting,assets/hd/equipment/helmet-smiting.webp|png|jpg,https://bg3.wiki/wiki/Helmet_of_Smiting,https://bg3.wiki/wiki/Special:FilePath/Helmet_of_Smiting_Faded.png,https://bg3.wiki/wiki/Special:FilePath/Helmet_of_Smiting_Faded.webp,assets/equipment/helmet-smiting.webp,https://bg3.wiki/wiki/Special:FilePath/Helmet_of_Smiting_Unfaded_Icon.png
circlet-blasting,爆裂头环,Circlet of Blasting,assets/hd/equipment/circlet-blasting.webp|png|jpg,https://bg3.wiki/wiki/Circlet_of_Blasting,https://bg3.wiki/wiki/Special:FilePath/Circlet_of_Blasting_Faded.png,https://bg3.wiki/wiki/Special:FilePath/Circlet_of_Blasting_Faded.webp,assets/equipment/circlet-blasting.webp,https://bg3.wiki/wiki/Special:FilePath/Circlet_of_Blasting_Unfaded_Icon.png
grymskull-helm,格林骷髅头盔,Grymskull Helm,assets/hd/equipment/grymskull-helm.webp|png|jpg,https://bg3.wiki/wiki/Grymskull_Helm,https://bg3.wiki/wiki/Special:FilePath/Grymskull_Helm_Faded.png,https://bg3.wiki/wiki/Special:FilePath/Grymskull_Helm_Faded.webp,assets/equipment/grymskull-helm.webp,https://bg3.wiki/wiki/Special:FilePath/Grymskull_Helm_Unfaded_Icon.png
deathstalker-mantle,死亡追猎者斗篷,The Deathstalker Mantle,assets/hd/equipment/deathstalker-mantle.webp|png|jpg,https://bg3.wiki/wiki/The_Deathstalker_Mantle,https://bg3.wiki/wiki/Special:FilePath/The_Deathstalker_Mantle_Faded.png,https://bg3.wiki/wiki/Special:FilePath/The_Deathstalker_Mantle_Faded.webp,assets/equipment/deathstalker-mantle.webp,https://bg3.wiki/wiki/Special:FilePath/The_Deathstalker_Mantle_Unfaded_Icon.png
graceful-cloth,优雅布衣,The Graceful Cloth,assets/hd/equipment/graceful-cloth.webp|png|jpg,https://bg3.wiki/wiki/The_Graceful_Cloth,https://bg3.wiki/wiki/Special:FilePath/The_Graceful_Cloth_Faded.png,https://bg3.wiki/wiki/Special:FilePath/The_Graceful_Cloth_Faded.webp,assets/equipment/graceful-cloth.webp,https://bg3.wiki/wiki/Special:FilePath/The_Graceful_Cloth_Unfaded_Icon.png
luminous-armour,光耀护甲,Luminous Armour,assets/hd/equipment/luminous-armour.webp|png|jpg,https://bg3.wiki/wiki/Luminous_Armour,https://bg3.wiki/wiki/Special:FilePath/Luminous_Armour_Faded.png,https://bg3.wiki/wiki/Special:FilePath/Luminous_Armour_Faded.webp,assets/equipment/luminous-armour.webp,https://bg3.wiki/wiki/Special:FilePath/Luminous_Armour_Unfaded_Icon.png
adamantine-scale,精金鳞甲,Adamantine Scale Mail,assets/hd/equipment/adamantine-scale.webp|png|jpg,https://bg3.wiki/wiki/Adamantine_Scale_Mail,https://bg3.wiki/wiki/Special:FilePath/Adamantine_Scale_Mail_Faded.png,https://bg3.wiki/wiki/Special:FilePath/Adamantine_Scale_Mail_Faded.webp,assets/equipment/adamantine-scale.webp,https://bg3.wiki/wiki/Special:FilePath/Adamantine_Scale_Mail_Unfaded_Icon.png
adamantine-splint,精金板条甲,Adamantine Splint Armour,assets/hd/equipment/adamantine-splint.webp|png|jpg,https://bg3.wiki/wiki/Adamantine_Splint_Armour,https://bg3.wiki/wiki/Special:FilePath/Adamantine_Splint_Armour_Faded.png,https://bg3.wiki/wiki/Special:FilePath/Adamantine_Splint_Armour_Faded.webp,assets/equipment/adamantine-splint.webp,https://bg3.wiki/wiki/Special:FilePath/Adamantine_Splint_Armour_Unfaded_Icon.png
protecty-sparkswall,保护火花之墙,The Protecty Sparkswall,assets/hd/equipment/protecty-sparkswall.webp|png|jpg,https://bg3.wiki/wiki/The_Protecty_Sparkswall,https://bg3.wiki/wiki/Special:FilePath/The_Protecty_Sparkswall_Faded.png,https://bg3.wiki/wiki/Special:FilePath/The_Protecty_Sparkswall_Faded.webp,assets/equipment/protecty-sparkswall.webp,https://bg3.wiki/wiki/Special:FilePath/The_Protecty_Sparkswall_Unfaded_Icon.png
spidersilk-armour,蛛丝护甲,Spidersilk Armour,assets/hd/equipment/spidersilk-armour.webp|png|jpg,https://bg3.wiki/wiki/Spidersilk_Armour,https://bg3.wiki/wiki/Special:FilePath/Spidersilk_Armour_Faded.png,https://bg3.wiki/wiki/Special:FilePath/Spidersilk_Armour_Faded.webp,assets/equipment/spidersilk-armour.webp,https://bg3.wiki/wiki/Special:FilePath/Spidersilk_Armour_Unfaded_Icon.png
gloves-dexterity,敏捷手套,Gloves of Dexterity,assets/hd/equipment/gloves-dexterity.webp|png|jpg,https://bg3.wiki/wiki/Gloves_of_Dexterity,https://bg3.wiki/wiki/Special:FilePath/Gloves_of_Dexterity_Faded.png,https://bg3.wiki/wiki/Special:FilePath/Gloves_of_Dexterity_Faded.webp,assets/equipment/gloves-dexterity.webp,https://bg3.wiki/wiki/Special:FilePath/Gloves_of_Dexterity_Unfaded_Icon.png
gloves-power,力量手套,Gloves of Power,assets/hd/equipment/gloves-power.webp|png|jpg,https://bg3.wiki/wiki/Gloves_of_Power,https://bg3.wiki/wiki/Special:FilePath/Gloves_of_Power_Faded.png,https://bg3.wiki/wiki/Special:FilePath/Gloves_of_Power_Faded.webp,assets/equipment/gloves-power.webp,https://bg3.wiki/wiki/Special:FilePath/Gloves_of_Power_Unfaded_Icon.png
missile-snaring,飞弹拦截手套,Gloves of Missile Snaring,assets/hd/equipment/missile-snaring.webp|png|jpg,https://bg3.wiki/wiki/Gloves_of_Missile_Snaring,https://bg3.wiki/wiki/Special:FilePath/Gloves_of_Missile_Snaring_Faded.png,https://bg3.wiki/wiki/Special:FilePath/Gloves_of_Missile_Snaring_Faded.webp,assets/equipment/missile-snaring.webp,https://bg3.wiki/wiki/Special:FilePath/Gloves_of_Missile_Snaring_Unfaded_Icon.png
sparkle-hands,火花之手,The Sparkle Hands,assets/hd/equipment/sparkle-hands.webp|png|jpg,https://bg3.wiki/wiki/The_Sparkle_Hands,https://bg3.wiki/wiki/Special:FilePath/The_Sparkle_Hands_Faded.png,https://bg3.wiki/wiki/Special:FilePath/The_Sparkle_Hands_Faded.webp,assets/equipment/sparkle-hands.webp,https://bg3.wiki/wiki/Special:FilePath/The_Sparkle_Hands_Unfaded_Icon.png
belligerent-skies,好战天空手套,Gloves of Belligerent Skies,assets/hd/equipment/belligerent-skies.webp|png|jpg,https://bg3.wiki/wiki/Gloves_of_Belligerent_Skies,https://bg3.wiki/wiki/Special:FilePath/Gloves_of_Belligerent_Skies_Faded.png,https://bg3.wiki/wiki/Special:FilePath/Gloves_of_Belligerent_Skies_Faded.webp,assets/equipment/belligerent-skies.webp,https://bg3.wiki/wiki/Special:FilePath/Gloves_of_Belligerent_Skies_Unfaded_Icon.png
cinder-sizzle,余烬与嘶鸣手套,Gloves of Cinder and Sizzle,assets/hd/equipment/cinder-sizzle.webp|png|jpg,https://bg3.wiki/wiki/Gloves_of_Cinder_and_Sizzle,https://bg3.wiki/wiki/Special:FilePath/Gloves_of_Cinder_and_Sizzle_Faded.png,https://bg3.wiki/wiki/Special:FilePath/Gloves_of_Cinder_and_Sizzle_Faded.webp,assets/equipment/cinder-sizzle.webp,https://bg3.wiki/wiki/Special:FilePath/Gloves_of_Cinder_and_Sizzle_Unfaded_Icon.png
boots-speed,速度之靴,Boots of Speed,assets/hd/equipment/boots-speed.webp|png|jpg,https://bg3.wiki/wiki/Boots_of_Speed,https://bg3.wiki/wiki/Special:FilePath/Boots_of_Speed_Faded.png,https://bg3.wiki/wiki/Special:FilePath/Boots_of_Speed_Faded.webp,assets/equipment/boots-speed.webp,https://bg3.wiki/wiki/Special:FilePath/Boots_of_Speed_Unfaded_Icon.png
night-walkers,瓦解夜行者,Disintegrating Night Walkers,assets/hd/equipment/night-walkers.webp|png|jpg,https://bg3.wiki/wiki/Disintegrating_Night_Walkers,https://bg3.wiki/wiki/Special:FilePath/Disintegrating_Night_Walkers_Faded.png,https://bg3.wiki/wiki/Special:FilePath/Disintegrating_Night_Walkers_Faded.webp,assets/equipment/night-walkers.webp,https://bg3.wiki/wiki/Special:FilePath/Disintegrating_Night_Walkers_Unfaded_Icon.png
stormy-clamour,风暴喧嚣之靴,Boots of Stormy Clamour,assets/hd/equipment/stormy-clamour.webp|png|jpg,https://bg3.wiki/wiki/Boots_of_Stormy_Clamour,https://bg3.wiki/wiki/Special:FilePath/Boots_of_Stormy_Clamour_Faded.png,https://bg3.wiki/wiki/Special:FilePath/Boots_of_Stormy_Clamour_Faded.webp,assets/equipment/stormy-clamour.webp,https://bg3.wiki/wiki/Special:FilePath/Boots_of_Stormy_Clamour_Unfaded_Icon.png
watersparkers,水花行者,The Watersparkers,assets/hd/equipment/watersparkers.webp|png|jpg,https://bg3.wiki/wiki/The_Watersparkers,https://bg3.wiki/wiki/Special:FilePath/The_Watersparkers_Faded.png,https://bg3.wiki/wiki/Special:FilePath/The_Watersparkers_Faded.webp,assets/equipment/watersparkers.webp,https://bg3.wiki/wiki/Special:FilePath/The_Watersparkers_Unfaded_Icon.png
amulet-misty-step,迷踪步护符,Amulet of Misty Step,assets/hd/equipment/amulet-misty-step.webp|png|jpg,https://bg3.wiki/wiki/Amulet_of_Misty_Step,https://bg3.wiki/wiki/Special:FilePath/Amulet_of_Misty_Step_Faded.png,https://bg3.wiki/wiki/Special:FilePath/Amulet_of_Misty_Step_Faded.webp,assets/equipment/amulet-misty-step.webp,https://bg3.wiki/wiki/Special:FilePath/Amulet_of_Misty_Step_Unfaded_Icon.png
psychic-spark,心灵火花,Psychic Spark,assets/hd/equipment/psychic-spark.webp|png|jpg,https://bg3.wiki/wiki/Psychic_Spark,https://bg3.wiki/wiki/Special:FilePath/Psychic_Spark_Faded.png,https://bg3.wiki/wiki/Special:FilePath/Psychic_Spark_Faded.webp,assets/equipment/psychic-spark.webp,https://bg3.wiki/wiki/Special:FilePath/Psychic_Spark_Unfaded_Icon.png
periapt-wound,伤口闭合护符,Periapt of Wound Closure,assets/hd/equipment/periapt-wound.webp|png|jpg,https://bg3.wiki/wiki/Periapt_of_Wound_Closure,https://bg3.wiki/wiki/Special:FilePath/Periapt_of_Wound_Closure_Faded.png,https://bg3.wiki/wiki/Special:FilePath/Periapt_of_Wound_Closure_Faded.webp,assets/equipment/periapt-wound.webp,https://bg3.wiki/wiki/Special:FilePath/Periapt_of_Wound_Closure_Unfaded_Icon.png
broodmothers-revenge,育母复仇,Broodmother's Revenge,assets/hd/equipment/broodmothers-revenge.webp|png|jpg,https://bg3.wiki/wiki/Broodmother's_Revenge,https://bg3.wiki/wiki/Special:FilePath/Broodmother's_Revenge_Faded.png,https://bg3.wiki/wiki/Special:FilePath/Broodmother's_Revenge_Faded.webp,assets/equipment/broodmothers-revenge.webp,https://bg3.wiki/wiki/Special:FilePath/Broodmother's_Revenge_Unfaded_Icon.png
ring-protection,防护戒指,Ring of Protection,assets/hd/equipment/ring-protection.webp|png|jpg,https://bg3.wiki/wiki/Ring_of_Protection,https://bg3.wiki/wiki/Special:FilePath/Ring_of_Protection_Faded.png,https://bg3.wiki/wiki/Special:FilePath/Ring_of_Protection_Faded.webp,assets/equipment/ring-protection.webp,https://bg3.wiki/wiki/Special:FilePath/Ring_of_Protection_Unfaded_Icon.png
caustic-band,腐蚀戒指,Caustic Band,assets/hd/equipment/caustic-band.webp|png|jpg,https://bg3.wiki/wiki/Caustic_Band,https://bg3.wiki/wiki/Special:FilePath/Caustic_Band_Faded.png,https://bg3.wiki/wiki/Special:FilePath/Caustic_Band_Faded.webp,assets/equipment/caustic-band.webp,https://bg3.wiki/wiki/Special:FilePath/Caustic_Band_Unfaded_Icon.png
crusher-ring,粉碎者之戒,Crusher's Ring,assets/hd/equipment/crusher-ring.webp|png|jpg,https://bg3.wiki/wiki/Crusher's_Ring,https://bg3.wiki/wiki/Special:FilePath/Crusher's_Ring_Faded.png,https://bg3.wiki/wiki/Special:FilePath/Crusher's_Ring_Faded.webp,assets/equipment/crusher-ring.webp,https://bg3.wiki/wiki/Special:FilePath/Crusher's_Ring_Unfaded_Icon.png
strange-conduit,奇异导管戒指,Strange Conduit Ring,assets/hd/equipment/strange-conduit.webp|png|jpg,https://bg3.wiki/wiki/Strange_Conduit_Ring,https://bg3.wiki/wiki/Special:FilePath/Strange_Conduit_Ring_Faded.png,https://bg3.wiki/wiki/Special:FilePath/Strange_Conduit_Ring_Faded.webp,assets/equipment/strange-conduit.webp,https://bg3.wiki/wiki/Special:FilePath/Strange_Conduit_Ring_Unfaded_Icon.png
whispering-promise,低语承诺,The Whispering Promise,assets/hd/equipment/whispering-promise.webp|png|jpg,https://bg3.wiki/wiki/The_Whispering_Promise,https://bg3.wiki/wiki/Special:FilePath/The_Whispering_Promise_Faded.png,https://bg3.wiki/wiki/Special:FilePath/The_Whispering_Promise_Faded.webp,assets/equipment/whispering-promise.webp,https://bg3.wiki/wiki/Special:FilePath/The_Whispering_Promise_Unfaded_Icon.png
phalar-aluve,法拉·阿鲁维,Phalar Aluve,assets/hd/equipment/phalar-aluve.webp|png|jpg,https://bg3.wiki/wiki/Phalar_Aluve,https://bg3.wiki/wiki/Special:FilePath/Phalar_Aluve_Faded.png,https://bg3.wiki/wiki/Special:FilePath/Phalar_Aluve_Faded.webp,assets/equipment/phalar-aluve.webp,https://bg3.wiki/wiki/Special:FilePath/Phalar_Aluve_Unfaded_Icon.png
undermountain-king,山丘巨王短刀,Knife of the Undermountain King,assets/hd/equipment/undermountain-king.webp|png|jpg,https://bg3.wiki/wiki/Knife_of_the_Undermountain_King,https://bg3.wiki/wiki/Special:FilePath/Knife_of_the_Undermountain_King_Faded.png,https://bg3.wiki/wiki/Special:FilePath/Knife_of_the_Undermountain_King_Faded.webp,assets/equipment/undermountain-king.webp,https://bg3.wiki/wiki/Special:FilePath/Knife_of_the_Undermountain_King_Unfaded_Icon.png
blood-lathander,洛山达之血,The Blood of Lathander,assets/hd/equipment/blood-lathander.webp|png|jpg,https://bg3.wiki/wiki/The_Blood_of_Lathander,https://bg3.wiki/wiki/Special:FilePath/The_Blood_of_Lathander_Faded.png,https://bg3.wiki/wiki/Special:FilePath/The_Blood_of_Lathander_Faded.webp,assets/equipment/blood-lathander.webp,https://bg3.wiki/wiki/Special:FilePath/The_Blood_of_Lathander_Unfaded_Icon.png
returning-pike,回归长矛,Returning Pike,assets/hd/equipment/returning-pike.webp|png|jpg,https://bg3.wiki/wiki/Returning_Pike,https://bg3.wiki/wiki/Special:FilePath/Returning_Pike_Faded.png,https://bg3.wiki/wiki/Special:FilePath/Returning_Pike_Faded.webp,assets/equipment/returning-pike.webp,https://bg3.wiki/wiki/Special:FilePath/Returning_Pike_Unfaded_Icon.png
unseen-menace,隐形威胁,Unseen Menace,assets/hd/equipment/unseen-menace.webp|png|jpg,https://bg3.wiki/wiki/Unseen_Menace,https://bg3.wiki/wiki/Special:FilePath/Unseen_Menace_Faded.png,https://bg3.wiki/wiki/Special:FilePath/Unseen_Menace_Faded.webp,assets/equipment/unseen-menace.webp,https://bg3.wiki/wiki/Special:FilePath/Unseen_Menace_Unfaded_Icon.png
cacophony,杂音,Cacophony,assets/hd/equipment/cacophony.webp|png|jpg,https://bg3.wiki/wiki/Cacophony,https://bg3.wiki/wiki/Special:FilePath/Cacophony_Faded.png,https://bg3.wiki/wiki/Special:FilePath/Cacophony_Faded.webp,assets/equipment/cacophony.webp,https://bg3.wiki/wiki/Special:FilePath/Cacophony_Unfaded_Icon.png
club-hill-giant,山丘巨人力量短棒,Club of Hill Giant Strength,assets/hd/equipment/club-hill-giant.webp|png|jpg,https://bg3.wiki/wiki/Club_of_Hill_Giant_Strength,https://bg3.wiki/wiki/Special:FilePath/Club_of_Hill_Giant_Strength_Faded.png,https://bg3.wiki/wiki/Special:FilePath/Club_of_Hill_Giant_Strength_Faded.webp,assets/equipment/club-hill-giant.webp,https://bg3.wiki/wiki/Special:FilePath/Club_of_Hill_Giant_Strength_Unfaded_Icon.png
spellsparkler,法术火花,The Spellsparkler,assets/hd/equipment/spellsparkler.webp|png|jpg,https://bg3.wiki/wiki/The_Spellsparkler,https://bg3.wiki/wiki/Special:FilePath/The_Spellsparkler_Faded.png,https://bg3.wiki/wiki/Special:FilePath/The_Spellsparkler_Faded.webp,assets/equipment/spellsparkler.webp,https://bg3.wiki/wiki/Special:FilePath/The_Spellsparkler_Unfaded_Icon.png
mourning-frost,悼霜,Mourning Frost,assets/hd/equipment/mourning-frost.webp|png|jpg,https://bg3.wiki/wiki/Mourning_Frost,https://bg3.wiki/wiki/Special:FilePath/Mourning_Frost_Faded.png,https://bg3.wiki/wiki/Special:FilePath/Mourning_Frost_Faded.webp,assets/equipment/mourning-frost.webp,https://bg3.wiki/wiki/Special:FilePath/Mourning_Frost_Unfaded_Icon.png
staff-arcane-blessing,奥术祝福法杖,Staff of Arcane Blessing,assets/hd/equipment/staff-arcane-blessing.webp|png|jpg,https://bg3.wiki/wiki/Staff_of_Arcane_Blessing,https://bg3.wiki/wiki/Special:FilePath/Staff_of_Arcane_Blessing_Faded.png,https://bg3.wiki/wiki/Special:FilePath/Staff_of_Arcane_Blessing_Faded.webp,assets/equipment/staff-arcane-blessing.webp,https://bg3.wiki/wiki/Special:FilePath/Staff_of_Arcane_Blessing_Unfaded_Icon.png
titanstring-bow,泰坦弦弓,Titanstring Bow,assets/hd/equipment/titanstring-bow.webp|png|jpg,https://bg3.wiki/wiki/Titanstring_Bow,https://bg3.wiki/wiki/Special:FilePath/Titanstring_Bow_Faded.png,https://bg3.wiki/wiki/Special:FilePath/Titanstring_Bow_Faded.webp,assets/equipment/titanstring-bow.webp,https://bg3.wiki/wiki/Special:FilePath/Titanstring_Bow_Unfaded_Icon.png
joltshooter,震击射手,The Joltshooter,assets/hd/equipment/joltshooter.webp|png|jpg,https://bg3.wiki/wiki/The_Joltshooter,https://bg3.wiki/wiki/Special:FilePath/The_Joltshooter_Faded.png,https://bg3.wiki/wiki/Special:FilePath/The_Joltshooter_Faded.webp,assets/equipment/joltshooter.webp,https://bg3.wiki/wiki/Special:FilePath/The_Joltshooter_Unfaded_Icon.png
adamantine-shield,精金盾牌,Adamantine Shield,assets/hd/equipment/adamantine-shield.webp|png|jpg,https://bg3.wiki/wiki/Adamantine_Shield,https://bg3.wiki/wiki/Special:FilePath/Adamantine_Shield_Faded.png,https://bg3.wiki/wiki/Special:FilePath/Adamantine_Shield_Faded.webp,assets/equipment/adamantine-shield.webp,https://bg3.wiki/wiki/Special:FilePath/Adamantine_Shield_Unfaded_Icon.png
safeguard-shield,守卫盾,Safeguard Shield,assets/hd/equipment/safeguard-shield.webp|png|jpg,https://bg3.wiki/wiki/Safeguard_Shield,https://bg3.wiki/wiki/Special:FilePath/Safeguard_Shield_Faded.png,https://bg3.wiki/wiki/Special:FilePath/Safeguard_Shield_Faded.webp,assets/equipment/safeguard-shield.webp,https://bg3.wiki/wiki/Special:FilePath/Safeguard_Shield_Unfaded_Icon.png
helmet-arcane-acuity,奥术敏锐头盔,Helmet of Arcane Acuity,assets/hd/equipment/helmet-arcane-acuity.webp|png|jpg,https://bg3.wiki/wiki/Helmet_of_Arcane_Acuity,https://bg3.wiki/wiki/Special:FilePath/Helmet_of_Arcane_Acuity_Faded.png,https://bg3.wiki/wiki/Special:FilePath/Helmet_of_Arcane_Acuity_Faded.webp,assets/equipment/helmet-arcane-acuity.webp,https://bg3.wiki/wiki/Special:FilePath/Helmet_of_Arcane_Acuity_Unfaded_Icon.png
hat-fire-acuity,火焰敏锐帽,Hat of Fire Acuity,assets/hd/equipment/hat-fire-acuity.webp|png|jpg,https://bg3.wiki/wiki/Hat_of_Fire_Acuity,https://bg3.wiki/wiki/Special:FilePath/Hat_of_Fire_Acuity_Faded.png,https://bg3.wiki/wiki/Special:FilePath/Hat_of_Fire_Acuity_Faded.webp,assets/equipment/hat-fire-acuity.webp,https://bg3.wiki/wiki/Special:FilePath/Hat_of_Fire_Acuity_Unfaded_Icon.png
covert-cowl,隐秘兜帽,Covert Cowl,assets/hd/equipment/covert-cowl.webp|png|jpg,https://bg3.wiki/wiki/Covert_Cowl,https://bg3.wiki/wiki/Special:FilePath/Covert_Cowl_Faded.png,https://bg3.wiki/wiki/Special:FilePath/Covert_Cowl_Faded.webp,assets/equipment/covert-cowl.webp,https://bg3.wiki/wiki/Special:FilePath/Covert_Cowl_Unfaded_Icon.png
cloak-protection,防护斗篷,Cloak of Protection,assets/hd/equipment/cloak-protection.webp|png|jpg,https://bg3.wiki/wiki/Cloak_of_Protection,https://bg3.wiki/wiki/Special:FilePath/Cloak_of_Protection_Faded.png,https://bg3.wiki/wiki/Special:FilePath/Cloak_of_Protection_Faded.webp,assets/equipment/cloak-protection.webp,https://bg3.wiki/wiki/Special:FilePath/Cloak_of_Protection_Unfaded_Icon.png
cloak-elemental-absorption,元素吸收斗篷,Cloak of Elemental Absorption,assets/hd/equipment/cloak-elemental-absorption.webp|png|jpg,https://bg3.wiki/wiki/Cloak_of_Elemental_Absorption,https://bg3.wiki/wiki/Special:FilePath/Cloak_of_Elemental_Absorption_Faded.png,https://bg3.wiki/wiki/Special:FilePath/Cloak_of_Elemental_Absorption_Faded.webp,assets/equipment/cloak-elemental-absorption.webp,https://bg3.wiki/wiki/Special:FilePath/Cloak_of_Elemental_Absorption_Unfaded_Icon.png
potent-robe,强能长袍,Potent Robe,assets/hd/equipment/potent-robe.webp|png|jpg,https://bg3.wiki/wiki/Potent_Robe,https://bg3.wiki/wiki/Special:FilePath/Potent_Robe_Faded.png,https://bg3.wiki/wiki/Special:FilePath/Potent_Robe_Faded.webp,assets/equipment/potent-robe.webp,https://bg3.wiki/wiki/Special:FilePath/Potent_Robe_Unfaded_Icon.png
yuan-ti,元提鳞甲,Yuan-Ti Scale Mail,assets/hd/equipment/yuan-ti.webp|png|jpg,https://bg3.wiki/wiki/Yuan-Ti_Scale_Mail,https://bg3.wiki/wiki/Special:FilePath/Yuan-Ti_Scale_Mail_Faded.png,https://bg3.wiki/wiki/Special:FilePath/Yuan-Ti_Scale_Mail_Faded.webp,assets/equipment/yuan-ti.webp,https://bg3.wiki/wiki/Special:FilePath/Yuan-Ti_Scale_Mail_Unfaded_Icon.png
dark-justiciar-half,黑暗审判官半身甲,Dark Justiciar Half-Plate,assets/hd/equipment/dark-justiciar-half.webp|png|jpg,https://bg3.wiki/wiki/Dark_Justiciar_Half-Plate,https://bg3.wiki/wiki/Special:FilePath/Dark_Justiciar_Half-Plate_Faded.png,https://bg3.wiki/wiki/Special:FilePath/Dark_Justiciar_Half-Plate_Faded.webp,assets/equipment/dark-justiciar-half.webp,https://bg3.wiki/wiki/Special:FilePath/Dark_Justiciar_Half-Plate_Unfaded_Icon.png
dwarven-splintmail,矮人板条甲,Dwarven Splintmail,assets/hd/equipment/dwarven-splintmail.webp|png|jpg,https://bg3.wiki/wiki/Dwarven_Splintmail,https://bg3.wiki/wiki/Special:FilePath/Dwarven_Splintmail_Faded.png,https://bg3.wiki/wiki/Special:FilePath/Dwarven_Splintmail_Faded.webp,assets/equipment/dwarven-splintmail.webp,https://bg3.wiki/wiki/Special:FilePath/Dwarven_Splintmail_Unfaded_Icon.png
flawed-helldusk,残缺狱火暮光甲,Flawed Helldusk Armour,assets/hd/equipment/flawed-helldusk.webp|png|jpg,https://bg3.wiki/wiki/Flawed_Helldusk_Armour,https://bg3.wiki/wiki/Special:FilePath/Flawed_Helldusk_Armour_Faded.png,https://bg3.wiki/wiki/Special:FilePath/Flawed_Helldusk_Armour_Faded.webp,assets/equipment/flawed-helldusk.webp,https://bg3.wiki/wiki/Special:FilePath/Flawed_Helldusk_Armour_Unfaded_Icon.png
balanced-hands,平衡之手手套,Gloves of the Balanced Hands,assets/hd/equipment/balanced-hands.webp|png|jpg,https://bg3.wiki/wiki/Gloves_of_the_Balanced_Hands,https://bg3.wiki/wiki/Special:FilePath/Gloves_of_the_Balanced_Hands_Faded.png,https://bg3.wiki/wiki/Special:FilePath/Gloves_of_the_Balanced_Hands_Faded.webp,assets/equipment/balanced-hands.webp,https://bg3.wiki/wiki/Special:FilePath/Gloves_of_the_Balanced_Hands_Unfaded_Icon.png
flawed-helldusk-gloves,残缺狱火暮光手套,Flawed Helldusk Gloves,assets/hd/equipment/flawed-helldusk-gloves.webp|png|jpg,https://bg3.wiki/wiki/Flawed_Helldusk_Gloves,https://bg3.wiki/wiki/Special:FilePath/Flawed_Helldusk_Gloves_Faded.png,https://bg3.wiki/wiki/Special:FilePath/Flawed_Helldusk_Gloves_Faded.webp,assets/equipment/flawed-helldusk-gloves.webp,https://bg3.wiki/wiki/Special:FilePath/Flawed_Helldusk_Gloves_Unfaded_Icon.png
gloves-crushing,粉碎手套,Gloves of Crushing,assets/hd/equipment/gloves-crushing.webp|png|jpg,https://bg3.wiki/wiki/Gloves_of_Crushing,https://bg3.wiki/wiki/Special:FilePath/Gloves_of_Crushing_Faded.png,https://bg3.wiki/wiki/Special:FilePath/Gloves_of_Crushing_Faded.webp,assets/equipment/gloves-crushing.webp,https://bg3.wiki/wiki/Special:FilePath/Gloves_of_Crushing_Unfaded_Icon.png
dark-justiciar-gauntlets,黑暗审判官手套,Dark Justiciar Gauntlets,assets/hd/equipment/dark-justiciar-gauntlets.webp|png|jpg,https://bg3.wiki/wiki/Dark_Justiciar_Gauntlets,https://bg3.wiki/wiki/Special:FilePath/Dark_Justiciar_Gauntlets_Faded.png,https://bg3.wiki/wiki/Special:FilePath/Dark_Justiciar_Gauntlets_Faded.webp,assets/equipment/dark-justiciar-gauntlets.webp,https://bg3.wiki/wiki/Special:FilePath/Dark_Justiciar_Gauntlets_Unfaded_Icon.png
evasive-shoes,闪避之鞋,Evasive Shoes,assets/hd/equipment/evasive-shoes.webp|png|jpg,https://bg3.wiki/wiki/Evasive_Shoes,https://bg3.wiki/wiki/Special:FilePath/Evasive_Shoes_Faded.png,https://bg3.wiki/wiki/Special:FilePath/Evasive_Shoes_Faded.webp,assets/equipment/evasive-shoes.webp,https://bg3.wiki/wiki/Special:FilePath/Evasive_Shoes_Unfaded_Icon.png
boots-brilliance,辉煌之靴,Boots of Brilliance,assets/hd/equipment/boots-brilliance.webp|png|jpg,https://bg3.wiki/wiki/Boots_of_Brilliance,https://bg3.wiki/wiki/Special:FilePath/Boots_of_Brilliance_Faded.png,https://bg3.wiki/wiki/Special:FilePath/Boots_of_Brilliance_Faded.webp,assets/equipment/boots-brilliance.webp,https://bg3.wiki/wiki/Special:FilePath/Boots_of_Brilliance_Unfaded_Icon.png
spineshudder,脊椎震颤护符,Spineshudder Amulet,assets/hd/equipment/spineshudder.webp|png|jpg,https://bg3.wiki/wiki/Spineshudder_Amulet,https://bg3.wiki/wiki/Special:FilePath/Spineshudder_Amulet_Faded.png,https://bg3.wiki/wiki/Special:FilePath/Spineshudder_Amulet_Faded.webp,assets/equipment/spineshudder.webp,https://bg3.wiki/wiki/Special:FilePath/Spineshudder_Amulet_Unfaded_Icon.png
surgeon-subjugation,外科医生征服护符,Surgeon's Subjugation Amulet,assets/hd/equipment/surgeon-subjugation.webp|png|jpg,https://bg3.wiki/wiki/Surgeon's_Subjugation_Amulet,https://bg3.wiki/wiki/Special:FilePath/Surgeon's_Subjugation_Amulet_Faded.png,https://bg3.wiki/wiki/Special:FilePath/Surgeon's_Subjugation_Amulet_Faded.webp,assets/equipment/surgeon-subjugation.webp,https://bg3.wiki/wiki/Special:FilePath/Surgeon's_Subjugation_Amulet_Unfaded_Icon.png
harpers-amulet,竖琴手护符,Amulet of the Harpers,assets/hd/equipment/harpers-amulet.webp|png|jpg,https://bg3.wiki/wiki/Amulet_of_the_Harpers,https://bg3.wiki/wiki/Special:FilePath/Amulet_of_the_Harpers_Faded.png,https://bg3.wiki/wiki/Special:FilePath/Amulet_of_the_Harpers_Faded.webp,assets/equipment/harpers-amulet.webp,https://bg3.wiki/wiki/Special:FilePath/Amulet_of_the_Harpers_Unfaded_Icon.png
spellcrux,法术核心护符,Spellcrux Amulet,assets/hd/equipment/spellcrux.webp|png|jpg,https://bg3.wiki/wiki/Spellcrux_Amulet,https://bg3.wiki/wiki/Special:FilePath/Spellcrux_Amulet_Faded.png,https://bg3.wiki/wiki/Special:FilePath/Spellcrux_Amulet_Faded.webp,assets/equipment/spellcrux.webp,https://bg3.wiki/wiki/Special:FilePath/Spellcrux_Amulet_Unfaded_Icon.png
risky-ring,风险戒指,Risky Ring,assets/hd/equipment/risky-ring.webp|png|jpg,https://bg3.wiki/wiki/Risky_Ring,https://bg3.wiki/wiki/Special:FilePath/Risky_Ring_Faded.png,https://bg3.wiki/wiki/Special:FilePath/Risky_Ring_Faded.webp,assets/equipment/risky-ring.webp,https://bg3.wiki/wiki/Special:FilePath/Risky_Ring_Unfaded_Icon.png
callous-glow,无情光芒之戒,Callous Glow Ring,assets/hd/equipment/callous-glow.webp|png|jpg,https://bg3.wiki/wiki/Callous_Glow_Ring,https://bg3.wiki/wiki/Special:FilePath/Callous_Glow_Ring_Faded.png,https://bg3.wiki/wiki/Special:FilePath/Callous_Glow_Ring_Faded.webp,assets/equipment/callous-glow.webp,https://bg3.wiki/wiki/Special:FilePath/Callous_Glow_Ring_Unfaded_Icon.png
coruscation-ring,闪耀戒指,Coruscation Ring,assets/hd/equipment/coruscation-ring.webp|png|jpg,https://bg3.wiki/wiki/Coruscation_Ring,https://bg3.wiki/wiki/Special:FilePath/Coruscation_Ring_Faded.png,https://bg3.wiki/wiki/Special:FilePath/Coruscation_Ring_Faded.webp,assets/equipment/coruscation-ring.webp,https://bg3.wiki/wiki/Special:FilePath/Coruscation_Ring_Unfaded_Icon.png
mental-inhibition,精神抑制戒指,Ring of Mental Inhibition,assets/hd/equipment/mental-inhibition.webp|png|jpg,https://bg3.wiki/wiki/Ring_of_Mental_Inhibition,https://bg3.wiki/wiki/Special:FilePath/Ring_of_Mental_Inhibition_Faded.png,https://bg3.wiki/wiki/Special:FilePath/Ring_of_Mental_Inhibition_Faded.webp,assets/equipment/mental-inhibition.webp,https://bg3.wiki/wiki/Special:FilePath/Ring_of_Mental_Inhibition_Unfaded_Icon.png
snowburst,雪爆戒指,Snowburst Ring,assets/hd/equipment/snowburst.webp|png|jpg,https://bg3.wiki/wiki/Snowburst_Ring,https://bg3.wiki/wiki/Special:FilePath/Snowburst_Ring_Faded.png,https://bg3.wiki/wiki/Special:FilePath/Snowburst_Ring_Faded.webp,assets/equipment/snowburst.webp,https://bg3.wiki/wiki/Special:FilePath/Snowburst_Ring_Unfaded_Icon.png
killers-sweetheart,杀手甜心,Killer's Sweetheart,assets/hd/equipment/killers-sweetheart.webp|png|jpg,https://bg3.wiki/wiki/Killer's_Sweetheart,https://bg3.wiki/wiki/Special:FilePath/Killer's_Sweetheart_Faded.png,https://bg3.wiki/wiki/Special:FilePath/Killer's_Sweetheart_Faded.webp,assets/equipment/killers-sweetheart.webp,https://bg3.wiki/wiki/Special:FilePath/Killer's_Sweetheart_Unfaded_Icon.png
drakethroat,龙喉战刃,Drakethroat Glaive,assets/hd/equipment/drakethroat.webp|png|jpg,https://bg3.wiki/wiki/Drakethroat_Glaive,https://bg3.wiki/wiki/Special:FilePath/Drakethroat_Glaive_Faded.png,https://bg3.wiki/wiki/Special:FilePath/Drakethroat_Glaive_Faded.webp,assets/equipment/drakethroat.webp,https://bg3.wiki/wiki/Special:FilePath/Drakethroat_Glaive_Unfaded_Icon.png
charge-bound-warhammer,充能束缚战锤,Charge-Bound Warhammer,assets/hd/equipment/charge-bound-warhammer.webp|png|jpg,https://bg3.wiki/wiki/Charge-Bound_Warhammer,https://bg3.wiki/wiki/Special:FilePath/Charge-Bound_Warhammer_Faded.png,https://bg3.wiki/wiki/Special:FilePath/Charge-Bound_Warhammer_Faded.webp,assets/equipment/charge-bound-warhammer.webp,https://bg3.wiki/wiki/Special:FilePath/Charge-Bound_Warhammer_Unfaded_Icon.png
render-mind-body,身心撕裂者,Render of Mind and Body,assets/hd/equipment/render-mind-body.webp|png|jpg,https://bg3.wiki/wiki/Render_of_Mind_and_Body,https://bg3.wiki/wiki/Special:FilePath/Render_of_Mind_and_Body_Faded.png,https://bg3.wiki/wiki/Special:FilePath/Render_of_Mind_and_Body_Faded.webp,assets/equipment/render-mind-body.webp,https://bg3.wiki/wiki/Special:FilePath/Render_of_Mind_and_Body_Unfaded_Icon.png
sword-life-stealing,夺命之剑,Sword of Life Stealing,assets/hd/equipment/sword-life-stealing.webp|png|jpg,https://bg3.wiki/wiki/Sword_of_Life_Stealing,https://bg3.wiki/wiki/Special:FilePath/Sword_of_Life_Stealing_Faded.png,https://bg3.wiki/wiki/Special:FilePath/Sword_of_Life_Stealing_Faded.webp,assets/equipment/sword-life-stealing.webp,https://bg3.wiki/wiki/Special:FilePath/Sword_of_Life_Stealing_Unfaded_Icon.png
halberd-vigilance,警戒戟,Halberd of Vigilance,assets/hd/equipment/halberd-vigilance.webp|png|jpg,https://bg3.wiki/wiki/Halberd_of_Vigilance,https://bg3.wiki/wiki/Special:FilePath/Halberd_of_Vigilance_Faded.png,https://bg3.wiki/wiki/Special:FilePath/Halberd_of_Vigilance_Faded.webp,assets/equipment/halberd-vigilance.webp,https://bg3.wiki/wiki/Special:FilePath/Halberd_of_Vigilance_Unfaded_Icon.png
moonlight-glaive,月光战刃,Moonlight Glaive,assets/hd/equipment/moonlight-glaive.webp|png|jpg,https://bg3.wiki/wiki/Moonlight_Glaive,https://bg3.wiki/wiki/Special:FilePath/Moonlight_Glaive_Faded.png,https://bg3.wiki/wiki/Special:FilePath/Moonlight_Glaive_Faded.webp,assets/equipment/moonlight-glaive.webp,https://bg3.wiki/wiki/Special:FilePath/Moonlight_Glaive_Unfaded_Icon.png
shars-spear,莎尔黄昏之矛,Shar's Spear of Evening,assets/hd/equipment/shars-spear.webp|png|jpg,https://bg3.wiki/wiki/Shar's_Spear_of_Evening,https://bg3.wiki/wiki/Special:FilePath/Shar's_Spear_of_Evening_Faded.png,https://bg3.wiki/wiki/Special:FilePath/Shar's_Spear_of_Evening_Faded.webp,assets/equipment/shars-spear.webp,https://bg3.wiki/wiki/Special:FilePath/Shar's_Spear_of_Evening_Unfaded_Icon.png
selunes-spear,塞伦涅夜矛,Selûne's Spear of Night,assets/hd/equipment/selunes-spear.webp|png|jpg,https://bg3.wiki/wiki/Sel%C3%BBne's_Spear_of_Night,https://bg3.wiki/wiki/Special:FilePath/Sel%C3%BBne's_Spear_of_Night_Faded.png,https://bg3.wiki/wiki/Special:FilePath/Sel%C3%BBne's_Spear_of_Night_Faded.webp,assets/equipment/selunes-spear.webp,https://bg3.wiki/wiki/Special:FilePath/Sel%C3%BBne's_Spear_of_Night_Unfaded_Icon.png
darkfire-shortbow,暗火短弓,Darkfire Shortbow,assets/hd/equipment/darkfire-shortbow.webp|png|jpg,https://bg3.wiki/wiki/Darkfire_Shortbow,https://bg3.wiki/wiki/Special:FilePath/Darkfire_Shortbow_Faded.png,https://bg3.wiki/wiki/Special:FilePath/Darkfire_Shortbow_Faded.webp,assets/equipment/darkfire-shortbow.webp,https://bg3.wiki/wiki/Special:FilePath/Darkfire_Shortbow_Unfaded_Icon.png
neer-misser,绝不失手,Ne'er Misser,assets/hd/equipment/neer-misser.webp|png|jpg,https://bg3.wiki/wiki/Ne'er_Misser,https://bg3.wiki/wiki/Special:FilePath/Ne'er_Misser_Faded.png,https://bg3.wiki/wiki/Special:FilePath/Ne'er_Misser_Faded.webp,assets/equipment/neer-misser.webp,https://bg3.wiki/wiki/Special:FilePath/Ne'er_Misser_Unfaded_Icon.png
hellfire-hand-crossbow,地狱火手弩,Hellfire Hand Crossbow,assets/hd/equipment/hellfire-hand-crossbow.webp|png|jpg,https://bg3.wiki/wiki/Hellfire_Hand_Crossbow,https://bg3.wiki/wiki/Special:FilePath/Hellfire_Hand_Crossbow_Faded.png,https://bg3.wiki/wiki/Special:FilePath/Hellfire_Hand_Crossbow_Faded.webp,assets/equipment/hellfire-hand-crossbow.webp,https://bg3.wiki/wiki/Special:FilePath/Hellfire_Hand_Crossbow_Unfaded_Icon.png
ketheric-shield,凯瑟里克之盾,Ketheric's Shield,assets/hd/equipment/ketheric-shield.webp|png|jpg,https://bg3.wiki/wiki/Ketheric's_Shield,https://bg3.wiki/wiki/Special:FilePath/Ketheric's_Shield_Faded.png,https://bg3.wiki/wiki/Special:FilePath/Ketheric's_Shield_Faded.webp,assets/equipment/ketheric-shield.webp,https://bg3.wiki/wiki/Special:FilePath/Ketheric's_Shield_Unfaded_Icon.png
birthright,天赋权利,Birthright,assets/hd/equipment/birthright.webp|png|jpg,https://bg3.wiki/wiki/Birthright,https://bg3.wiki/wiki/Special:FilePath/Birthright_Faded.png,https://bg3.wiki/wiki/Special:FilePath/Birthright_Faded.webp,assets/equipment/birthright.webp,https://bg3.wiki/wiki/Special:FilePath/Birthright_Unfaded_Icon.png
hood-weave,织法兜帽,Hood of the Weave,assets/hd/equipment/hood-weave.webp|png|jpg,https://bg3.wiki/wiki/Hood_of_the_Weave,https://bg3.wiki/wiki/Special:FilePath/Hood_of_the_Weave_Faded.png,https://bg3.wiki/wiki/Special:FilePath/Hood_of_the_Weave_Faded.webp,assets/equipment/hood-weave.webp,https://bg3.wiki/wiki/Special:FilePath/Hood_of_the_Weave_Unfaded_Icon.png
helm-balduran,博德安之盔,Helm of Balduran,assets/hd/equipment/helm-balduran.webp|png|jpg,https://bg3.wiki/wiki/Helm_of_Balduran,https://bg3.wiki/wiki/Special:FilePath/Helm_of_Balduran_Faded.png,https://bg3.wiki/wiki/Special:FilePath/Helm_of_Balduran_Faded.webp,assets/equipment/helm-balduran.webp,https://bg3.wiki/wiki/Special:FilePath/Helm_of_Balduran_Unfaded_Icon.png
sarevok-helm,沙洛佛克角盔,Sarevok's Horned Helmet,assets/hd/equipment/sarevok-helm.webp|png|jpg,https://bg3.wiki/wiki/Sarevok's_Horned_Helmet,https://bg3.wiki/wiki/Special:FilePath/Sarevok's_Horned_Helmet_Faded.png,https://bg3.wiki/wiki/Special:FilePath/Sarevok's_Horned_Helmet_Faded.webp,assets/equipment/sarevok-helm.webp,https://bg3.wiki/wiki/Special:FilePath/Sarevok's_Horned_Helmet_Unfaded_Icon.png
mask-soul-perception,灵魂感知面具,Mask of Soul Perception,assets/hd/equipment/mask-soul-perception.webp|png|jpg,https://bg3.wiki/wiki/Mask_of_Soul_Perception,https://bg3.wiki/wiki/Special:FilePath/Mask_of_Soul_Perception_Faded.png,https://bg3.wiki/wiki/Special:FilePath/Mask_of_Soul_Perception_Faded.webp,assets/equipment/mask-soul-perception.webp,https://bg3.wiki/wiki/Special:FilePath/Mask_of_Soul_Perception_Unfaded_Icon.png
pyroquickness,烈焰迅捷帽,Pyroquickness Hat,assets/hd/equipment/pyroquickness.webp|png|jpg,https://bg3.wiki/wiki/Pyroquickness_Hat,https://bg3.wiki/wiki/Special:FilePath/Pyroquickness_Hat_Faded.png,https://bg3.wiki/wiki/Special:FilePath/Pyroquickness_Hat_Faded.webp,assets/equipment/pyroquickness.webp,https://bg3.wiki/wiki/Special:FilePath/Pyroquickness_Hat_Unfaded_Icon.png
cloak-weave,织法斗篷,Cloak of the Weave,assets/hd/equipment/cloak-weave.webp|png|jpg,https://bg3.wiki/wiki/Cloak_of_the_Weave,https://bg3.wiki/wiki/Special:FilePath/Cloak_of_the_Weave_Faded.png,https://bg3.wiki/wiki/Special:FilePath/Cloak_of_the_Weave_Faded.webp,assets/equipment/cloak-weave.webp,https://bg3.wiki/wiki/Special:FilePath/Cloak_of_the_Weave_Unfaded_Icon.png
cloak-displacement,移位斗篷,Cloak of Displacement,assets/hd/equipment/cloak-displacement.webp|png|jpg,https://bg3.wiki/wiki/Cloak_of_Displacement,https://bg3.wiki/wiki/Special:FilePath/Cloak_of_Displacement_Faded.png,https://bg3.wiki/wiki/Special:FilePath/Cloak_of_Displacement_Faded.webp,assets/equipment/cloak-displacement.webp,https://bg3.wiki/wiki/Special:FilePath/Cloak_of_Displacement_Unfaded_Icon.png
shade-slayer-cloak,暗影杀手斗篷,Shade-Slayer Cloak,assets/hd/equipment/shade-slayer-cloak.webp|png|jpg,https://bg3.wiki/wiki/Shade-Slayer_Cloak,https://bg3.wiki/wiki/Special:FilePath/Shade-Slayer_Cloak_Faded.png,https://bg3.wiki/wiki/Special:FilePath/Shade-Slayer_Cloak_Faded.webp,assets/equipment/shade-slayer-cloak.webp,https://bg3.wiki/wiki/Special:FilePath/Shade-Slayer_Cloak_Unfaded_Icon.png
armour-agility,敏捷护甲,Armour of Agility,assets/hd/equipment/armour-agility.webp|png|jpg,https://bg3.wiki/wiki/Armour_of_Agility,https://bg3.wiki/wiki/Special:FilePath/Armour_of_Agility_Faded.png,https://bg3.wiki/wiki/Special:FilePath/Armour_of_Agility_Faded.webp,assets/equipment/armour-agility.webp,https://bg3.wiki/wiki/Special:FilePath/Armour_of_Agility_Unfaded_Icon.png
helldusk-armour,狱火暮光甲,Helldusk Armour,assets/hd/equipment/helldusk-armour.webp|png|jpg,https://bg3.wiki/wiki/Helldusk_Armour,https://bg3.wiki/wiki/Special:FilePath/Helldusk_Armour_Faded.png,https://bg3.wiki/wiki/Special:FilePath/Helldusk_Armour_Faded.webp,assets/equipment/helldusk-armour.webp,https://bg3.wiki/wiki/Special:FilePath/Helldusk_Armour_Unfaded_Icon.png
bhaalist-armour,巴尔信徒护甲,Bhaalist Armour,assets/hd/equipment/bhaalist-armour.webp|png|jpg,https://bg3.wiki/wiki/Bhaalist_Armour,https://bg3.wiki/wiki/Special:FilePath/Bhaalist_Armour_Faded.png,https://bg3.wiki/wiki/Special:FilePath/Bhaalist_Armour_Faded.webp,assets/equipment/bhaalist-armour.webp,https://bg3.wiki/wiki/Special:FilePath/Bhaalist_Armour_Unfaded_Icon.png
robe-weave,织法长袍,Robe of the Weave,assets/hd/equipment/robe-weave.webp|png|jpg,https://bg3.wiki/wiki/Robe_of_the_Weave,https://bg3.wiki/wiki/Special:FilePath/Robe_of_the_Weave_Faded.png,https://bg3.wiki/wiki/Special:FilePath/Robe_of_the_Weave_Faded.webp,assets/equipment/robe-weave.webp,https://bg3.wiki/wiki/Special:FilePath/Robe_of_the_Weave_Unfaded_Icon.png
bonespike-garb,骨刺服,Bonespike Garb,assets/hd/equipment/bonespike-garb.webp|png|jpg,https://bg3.wiki/wiki/Bonespike_Garb,https://bg3.wiki/wiki/Special:FilePath/Bonespike_Garb_Faded.png,https://bg3.wiki/wiki/Special:FilePath/Bonespike_Garb_Faded.webp,assets/equipment/bonespike-garb.webp,https://bg3.wiki/wiki/Special:FilePath/Bonespike_Garb_Unfaded_Icon.png
gauntlets-hill-giant,山丘巨人力量护手,Gauntlets of Hill Giant Strength,assets/hd/equipment/gauntlets-hill-giant.webp|png|jpg,https://bg3.wiki/wiki/Gauntlets_of_Hill_Giant_Strength,https://bg3.wiki/wiki/Special:FilePath/Gauntlets_of_Hill_Giant_Strength_Faded.png,https://bg3.wiki/wiki/Special:FilePath/Gauntlets_of_Hill_Giant_Strength_Faded.webp,assets/equipment/gauntlets-hill-giant.webp,https://bg3.wiki/wiki/Special:FilePath/Gauntlets_of_Hill_Giant_Strength_Unfaded_Icon.png
legacy-masters,大师遗产,Legacy of the Masters,assets/hd/equipment/legacy-masters.webp|png|jpg,https://bg3.wiki/wiki/Legacy_of_the_Masters,https://bg3.wiki/wiki/Special:FilePath/Legacy_of_the_Masters_Faded.png,https://bg3.wiki/wiki/Special:FilePath/Legacy_of_the_Masters_Faded.webp,assets/equipment/legacy-masters.webp,https://bg3.wiki/wiki/Special:FilePath/Legacy_of_the_Masters_Unfaded_Icon.png
helldusk-gloves,狱火暮光手套,Helldusk Gloves,assets/hd/equipment/helldusk-gloves.webp|png|jpg,https://bg3.wiki/wiki/Helldusk_Gloves,https://bg3.wiki/wiki/Special:FilePath/Helldusk_Gloves_Faded.png,https://bg3.wiki/wiki/Special:FilePath/Helldusk_Gloves_Faded.webp,assets/equipment/helldusk-gloves.webp,https://bg3.wiki/wiki/Special:FilePath/Helldusk_Gloves_Unfaded_Icon.png
soul-catching,灵魂捕捉手套,Gloves of Soul Catching,assets/hd/equipment/soul-catching.webp|png|jpg,https://bg3.wiki/wiki/Gloves_of_Soul_Catching,https://bg3.wiki/wiki/Special:FilePath/Gloves_of_Soul_Catching_Faded.png,https://bg3.wiki/wiki/Special:FilePath/Gloves_of_Soul_Catching_Faded.webp,assets/equipment/soul-catching.webp,https://bg3.wiki/wiki/Special:FilePath/Gloves_of_Soul_Catching_Unfaded_Icon.png
spellmight,法术强能手套,Spellmight Gloves,assets/hd/equipment/spellmight.webp|png|jpg,https://bg3.wiki/wiki/Spellmight_Gloves,https://bg3.wiki/wiki/Special:FilePath/Spellmight_Gloves_Faded.png,https://bg3.wiki/wiki/Special:FilePath/Spellmight_Gloves_Faded.webp,assets/equipment/spellmight.webp,https://bg3.wiki/wiki/Special:FilePath/Spellmight_Gloves_Unfaded_Icon.png
craterflesh,裂肉手套,Craterflesh Gloves,assets/hd/equipment/craterflesh.webp|png|jpg,https://bg3.wiki/wiki/Craterflesh_Gloves,https://bg3.wiki/wiki/Special:FilePath/Craterflesh_Gloves_Faded.png,https://bg3.wiki/wiki/Special:FilePath/Craterflesh_Gloves_Faded.webp,assets/equipment/craterflesh.webp,https://bg3.wiki/wiki/Special:FilePath/Craterflesh_Gloves_Unfaded_Icon.png
helldusk-boots,狱火暮光长靴,Helldusk Boots,assets/hd/equipment/helldusk-boots.webp|png|jpg,https://bg3.wiki/wiki/Helldusk_Boots,https://bg3.wiki/wiki/Special:FilePath/Helldusk_Boots_Faded.png,https://bg3.wiki/wiki/Special:FilePath/Helldusk_Boots_Faded.webp,assets/equipment/helldusk-boots.webp,https://bg3.wiki/wiki/Special:FilePath/Helldusk_Boots_Unfaded_Icon.png
boots-persistence,坚毅之靴,Boots of Persistence,assets/hd/equipment/boots-persistence.webp|png|jpg,https://bg3.wiki/wiki/Boots_of_Persistence,https://bg3.wiki/wiki/Special:FilePath/Boots_of_Persistence_Faded.png,https://bg3.wiki/wiki/Special:FilePath/Boots_of_Persistence_Faded.webp,assets/equipment/boots-persistence.webp,https://bg3.wiki/wiki/Special:FilePath/Boots_of_Persistence_Unfaded_Icon.png
bonespike-boots,骨刺长靴,Bonespike Boots,assets/hd/equipment/bonespike-boots.webp|png|jpg,https://bg3.wiki/wiki/Bonespike_Boots,https://bg3.wiki/wiki/Special:FilePath/Bonespike_Boots_Faded.png,https://bg3.wiki/wiki/Special:FilePath/Bonespike_Boots_Faded.webp,assets/equipment/bonespike-boots.webp,https://bg3.wiki/wiki/Special:FilePath/Bonespike_Boots_Unfaded_Icon.png
amulet-health,强健护符,Amulet of Greater Health,assets/hd/equipment/amulet-health.webp|png|jpg,https://bg3.wiki/wiki/Amulet_of_Greater_Health,https://bg3.wiki/wiki/Special:FilePath/Amulet_of_Greater_Health_Faded.png,https://bg3.wiki/wiki/Special:FilePath/Amulet_of_Greater_Health_Faded.webp,assets/equipment/amulet-health.webp,https://bg3.wiki/wiki/Special:FilePath/Amulet_of_Greater_Health_Unfaded_Icon.png
amulet-devout,虔诚护符,Amulet of the Devout,assets/hd/equipment/amulet-devout.webp|png|jpg,https://bg3.wiki/wiki/Amulet_of_the_Devout,https://bg3.wiki/wiki/Special:FilePath/Amulet_of_the_Devout_Faded.png,https://bg3.wiki/wiki/Special:FilePath/Amulet_of_the_Devout_Faded.webp,assets/equipment/amulet-devout.webp,https://bg3.wiki/wiki/Special:FilePath/Amulet_of_the_Devout_Unfaded_Icon.png
fey-semblance,妖精外貌护符,Fey Semblance Amulet,assets/hd/equipment/fey-semblance.webp|png|jpg,https://bg3.wiki/wiki/Fey_Semblance_Amulet,https://bg3.wiki/wiki/Special:FilePath/Fey_Semblance_Amulet_Faded.png,https://bg3.wiki/wiki/Special:FilePath/Fey_Semblance_Amulet_Faded.webp,assets/equipment/fey-semblance.webp,https://bg3.wiki/wiki/Special:FilePath/Fey_Semblance_Amulet_Unfaded_Icon.png
khalids-gift,卡立德的礼物,Khalid's Gift,assets/hd/equipment/khalids-gift.webp|png|jpg,https://bg3.wiki/wiki/Khalid's_Gift,https://bg3.wiki/wiki/Special:FilePath/Khalid's_Gift_Faded.png,https://bg3.wiki/wiki/Special:FilePath/Khalid's_Gift_Faded.webp,assets/equipment/khalids-gift.webp,https://bg3.wiki/wiki/Special:FilePath/Khalid's_Gift_Unfaded_Icon.png
band-mystic-scoundrel,神秘恶棍戒指,Band of the Mystic Scoundrel,assets/hd/equipment/band-mystic-scoundrel.webp|png|jpg,https://bg3.wiki/wiki/Band_of_the_Mystic_Scoundrel,https://bg3.wiki/wiki/Special:FilePath/Band_of_the_Mystic_Scoundrel_Faded.png,https://bg3.wiki/wiki/Special:FilePath/Band_of_the_Mystic_Scoundrel_Faded.webp,assets/equipment/band-mystic-scoundrel.webp,https://bg3.wiki/wiki/Special:FilePath/Band_of_the_Mystic_Scoundrel_Unfaded_Icon.png
ring-regeneration,再生戒指,Ring of Regeneration,assets/hd/equipment/ring-regeneration.webp|png|jpg,https://bg3.wiki/wiki/Ring_of_Regeneration,https://bg3.wiki/wiki/Special:FilePath/Ring_of_Regeneration_Faded.png,https://bg3.wiki/wiki/Special:FilePath/Ring_of_Regeneration_Faded.webp,assets/equipment/ring-regeneration.webp,https://bg3.wiki/wiki/Special:FilePath/Ring_of_Regeneration_Unfaded_Icon.png
feywild-sparks,妖精荒野火花戒指,Ring of Feywild Sparks,assets/hd/equipment/feywild-sparks.webp|png|jpg,https://bg3.wiki/wiki/Ring_of_Feywild_Sparks,https://bg3.wiki/wiki/Special:FilePath/Ring_of_Feywild_Sparks_Faded.png,https://bg3.wiki/wiki/Special:FilePath/Ring_of_Feywild_Sparks_Faded.webp,assets/equipment/feywild-sparks.webp,https://bg3.wiki/wiki/Special:FilePath/Ring_of_Feywild_Sparks_Unfaded_Icon.png
free-action,自由行动戒指,Ring of Free Action,assets/hd/equipment/free-action.webp|png|jpg,https://bg3.wiki/wiki/Ring_of_Free_Action,https://bg3.wiki/wiki/Special:FilePath/Ring_of_Free_Action_Faded.png,https://bg3.wiki/wiki/Special:FilePath/Ring_of_Free_Action_Faded.webp,assets/equipment/free-action.webp,https://bg3.wiki/wiki/Special:FilePath/Ring_of_Free_Action_Unfaded_Icon.png
markoheshkir,玛科赫什基,Markoheshkir,assets/hd/equipment/markoheshkir.webp|png|jpg,https://bg3.wiki/wiki/Markoheshkir,https://bg3.wiki/wiki/Special:FilePath/Markoheshkir_Faded.png,https://bg3.wiki/wiki/Special:FilePath/Markoheshkir_Faded.webp,assets/equipment/markoheshkir.webp,https://bg3.wiki/wiki/Special:FilePath/Markoheshkir_Unfaded_Icon.png
staff-spellpower,法术力量法杖,Staff of Spellpower,assets/hd/equipment/staff-spellpower.webp|png|jpg,https://bg3.wiki/wiki/Staff_of_Spellpower,https://bg3.wiki/wiki/Special:FilePath/Staff_of_Spellpower_Faded.png,https://bg3.wiki/wiki/Special:FilePath/Staff_of_Spellpower_Faded.webp,assets/equipment/staff-spellpower.webp,https://bg3.wiki/wiki/Special:FilePath/Staff_of_Spellpower_Unfaded_Icon.png
rhapsody,狂想曲,Rhapsody,assets/hd/equipment/rhapsody.webp|png|jpg,https://bg3.wiki/wiki/Rhapsody,https://bg3.wiki/wiki/Special:FilePath/Rhapsody_Faded.png,https://bg3.wiki/wiki/Special:FilePath/Rhapsody_Faded.webp,assets/equipment/rhapsody.webp,https://bg3.wiki/wiki/Special:FilePath/Rhapsody_Unfaded_Icon.png
nyrulna,尼鲁纳,Nyrulna,assets/hd/equipment/nyrulna.webp|png|jpg,https://bg3.wiki/wiki/Nyrulna,https://bg3.wiki/wiki/Special:FilePath/Nyrulna_Faded.png,https://bg3.wiki/wiki/Special:FilePath/Nyrulna_Faded.webp,assets/equipment/nyrulna.webp,https://bg3.wiki/wiki/Special:FilePath/Nyrulna_Unfaded_Icon.png
baldurans-giantslayer,博德安巨人杀手,Balduran's Giantslayer,assets/hd/equipment/baldurans-giantslayer.webp|png|jpg,https://bg3.wiki/wiki/Balduran's_Giantslayer,https://bg3.wiki/wiki/Special:FilePath/Balduran's_Giantslayer_Faded.png,https://bg3.wiki/wiki/Special:FilePath/Balduran's_Giantslayer_Faded.webp,assets/equipment/baldurans-giantslayer.webp,https://bg3.wiki/wiki/Special:FilePath/Balduran's_Giantslayer_Unfaded_Icon.png
bloodthirst,嗜血,Bloodthirst,assets/hd/equipment/bloodthirst.webp|png|jpg,https://bg3.wiki/wiki/Bloodthirst,https://bg3.wiki/wiki/Special:FilePath/Bloodthirst_Faded.png,https://bg3.wiki/wiki/Special:FilePath/Bloodthirst_Faded.webp,assets/equipment/bloodthirst.webp,https://bg3.wiki/wiki/Special:FilePath/Bloodthirst_Unfaded_Icon.png
crimson-mischief,猩红恶作剧,Crimson Mischief,assets/hd/equipment/crimson-mischief.webp|png|jpg,https://bg3.wiki/wiki/Crimson_Mischief,https://bg3.wiki/wiki/Special:FilePath/Crimson_Mischief_Faded.png,https://bg3.wiki/wiki/Special:FilePath/Crimson_Mischief_Faded.webp,assets/equipment/crimson-mischief.webp,https://bg3.wiki/wiki/Special:FilePath/Crimson_Mischief_Unfaded_Icon.png
duellists-prerogative,决斗者特权,Duellist's Prerogative,assets/hd/equipment/duellists-prerogative.webp|png|jpg,https://bg3.wiki/wiki/Duellist's_Prerogative,https://bg3.wiki/wiki/Special:FilePath/Duellist's_Prerogative_Faded.png,https://bg3.wiki/wiki/Special:FilePath/Duellist's_Prerogative_Faded.webp,assets/equipment/duellists-prerogative.webp,https://bg3.wiki/wiki/Special:FilePath/Duellist's_Prerogative_Unfaded_Icon.png
silver-sword-astral,星界银剑,Silver Sword of the Astral Plane,assets/hd/equipment/silver-sword-astral.webp|png|jpg,https://bg3.wiki/wiki/Silver_Sword_of_the_Astral_Plane,https://bg3.wiki/wiki/Special:FilePath/Silver_Sword_of_the_Astral_Plane_Faded.png,https://bg3.wiki/wiki/Special:FilePath/Silver_Sword_of_the_Astral_Plane_Faded.webp,assets/equipment/silver-sword-astral.webp,https://bg3.wiki/wiki/Special:FilePath/Silver_Sword_of_the_Astral_Plane_Unfaded_Icon.png
devotees-mace,信徒钉头锤,Devotee's Mace,assets/hd/equipment/devotees-mace.webp|png|jpg,https://bg3.wiki/wiki/Devotee's_Mace,https://bg3.wiki/wiki/Special:FilePath/Devotee's_Mace_Faded.png,https://bg3.wiki/wiki/Special:FilePath/Devotee's_Mace_Faded.webp,assets/equipment/devotees-mace.webp,https://bg3.wiki/wiki/Special:FilePath/Devotee's_Mace_Unfaded_Icon.png
dolor-amarus,苦痛之刃,Dolor Amarus,assets/hd/equipment/dolor-amarus.webp|png|jpg,https://bg3.wiki/wiki/Dolor_Amarus,https://bg3.wiki/wiki/Special:FilePath/Dolor_Amarus_Faded.png,https://bg3.wiki/wiki/Special:FilePath/Dolor_Amarus_Faded.webp,assets/equipment/dolor-amarus.webp,https://bg3.wiki/wiki/Special:FilePath/Dolor_Amarus_Unfaded_Icon.png
gontr-mael,贡特尔·梅尔,Gontr Mael,assets/hd/equipment/gontr-mael.webp|png|jpg,https://bg3.wiki/wiki/Gontr_Mael,https://bg3.wiki/wiki/Special:FilePath/Gontr_Mael_Faded.png,https://bg3.wiki/wiki/Special:FilePath/Gontr_Mael_Faded.webp,assets/equipment/gontr-mael.webp,https://bg3.wiki/wiki/Special:FilePath/Gontr_Mael_Unfaded_Icon.png
dead-shot,致命一击,The Dead Shot,assets/hd/equipment/dead-shot.webp|png|jpg,https://bg3.wiki/wiki/The_Dead_Shot,https://bg3.wiki/wiki/Special:FilePath/The_Dead_Shot_Faded.png,https://bg3.wiki/wiki/Special:FilePath/The_Dead_Shot_Faded.webp,assets/equipment/dead-shot.webp,https://bg3.wiki/wiki/Special:FilePath/The_Dead_Shot_Unfaded_Icon.png
hellfire-engine-crossbow,地狱火引擎弩,Hellfire Engine Crossbow,assets/hd/equipment/hellfire-engine-crossbow.webp|png|jpg,https://bg3.wiki/wiki/Hellfire_Engine_Crossbow,https://bg3.wiki/wiki/Special:FilePath/Hellfire_Engine_Crossbow_Faded.png,https://bg3.wiki/wiki/Special:FilePath/Hellfire_Engine_Crossbow_Faded.webp,assets/equipment/hellfire-engine-crossbow.webp,https://bg3.wiki/wiki/Special:FilePath/Hellfire_Engine_Crossbow_Unfaded_Icon.png
viconia-fortress,维康妮亚行走堡垒,Viconia's Walking Fortress,assets/hd/equipment/viconia-fortress.webp|png|jpg,https://bg3.wiki/wiki/Viconia's_Walking_Fortress,https://bg3.wiki/wiki/Special:FilePath/Viconia's_Walking_Fortress_Faded.png,https://bg3.wiki/wiki/Special:FilePath/Viconia's_Walking_Fortress_Faded.webp,assets/equipment/viconia-fortress.webp,https://bg3.wiki/wiki/Special:FilePath/Viconia's_Walking_Fortress_Unfaded_Icon.png
shield-undevout,不虔之盾,Shield of the Undevout,assets/hd/equipment/shield-undevout.webp|png|jpg,https://bg3.wiki/wiki/Shield_of_the_Undevout,https://bg3.wiki/wiki/Special:FilePath/Shield_of_the_Undevout_Faded.png,https://bg3.wiki/wiki/Special:FilePath/Shield_of_the_Undevout_Faded.webp,assets/equipment/shield-undevout.webp,https://bg3.wiki/wiki/Special:FilePath/Shield_of_the_Undevout_Unfaded_Icon.png
